Code,Year,Consumption-Emissions
ALB,1990,1.533
ALB,1991,1.245
ALB,1992,0.775
ALB,1993,0.718
ALB,1994,0.626
ALB,1995,0.672
ALB,1996,0.783
ALB,1997,0.598
ALB,1998,0.686
ALB,1999,1.003
ALB,2000,1.025
ALB,2001,1.096
ALB,2002,1.390
ALB,2003,1.535
ALB,2004,1.461
ALB,2005,1.564
ALB,2006,1.482
ALB,2007,1.500
ALB,2008,1.673
ALB,2009,1.738
ALB,2010,1.676
ALB,2011,1.733
ALB,2012,1.654
ALB,2013,1.602
ALB,2014,1.717
ALB,2015,1.544
ALB,2016,1.499
ALB,2017,1.541
ARE,1990,15.065
ARE,1991,16.623
ARE,1992,17.324
ARE,1993,18.621
ARE,1994,20.498
ARE,1995,20.515
ARE,1996,21.302
ARE,1997,21.507
ARE,1998,25.093
ARE,1999,21.822
ARE,2000,29.313
ARE,2001,29.525
ARE,2002,26.446
ARE,2003,35.943
ARE,2004,40.255
ARE,2005,44.479
ARE,2006,45.785
ARE,2007,55.260
ARE,2008,66.616
ARE,2009,54.421
ARE,2010,53.041
ARE,2011,59.081
ARE,2012,64.992
ARE,2013,66.927
ARE,2014,69.592
ARE,2015,62.614
ARE,2016,63.842
ARE,2017,64.268
ARG,1990,28.501
ARG,1991,30.708
ARG,1992,32.143
ARG,1993,31.667
ARG,1994,32.680
ARG,1995,33.191
ARG,1996,35.317
ARG,1997,37.162
ARG,1998,37.637
ARG,1999,36.960
ARG,2000,34.978
ARG,2001,31.848
ARG,2002,26.241
ARG,2003,31.059
ARG,2004,36.613
ARG,2005,38.221
ARG,2006,42.528
ARG,2007,44.015
ARG,2008,48.206
ARG,2009,44.939
ARG,2010,48.338
ARG,2011,50.409
ARG,2012,51.065
ARG,2013,52.744
ARG,2014,53.697
ARG,2015,55.251
ARG,2016,54.563
ARG,2017,55.055
ARM,1990,3.736
ARM,1991,3.660
ARM,1992,1.122
ARM,1993,0.543
ARM,1994,0.528
ARM,1995,0.773
ARM,1996,0.843
ARM,1997,1.124
ARM,1998,1.157
ARM,1999,1.458
ARM,2000,1.097
ARM,2001,1.216
ARM,2002,1.008
ARM,2003,1.186
ARM,2004,1.231
ARM,2005,1.473
ARM,2006,1.455
ARM,2007,2.037
ARM,2008,1.774
ARM,2009,1.617
ARM,2010,1.510
ARM,2011,1.563
ARM,2012,1.727
ARM,2013,1.683
ARM,2014,1.668
ARM,2015,1.536
ARM,2016,1.555
ARM,2017,1.515
AUS,1990,64.173
AUS,1991,63.661
AUS,1992,64.457
AUS,1993,64.622
AUS,1994,66.505
AUS,1995,68.054
AUS,1996,68.915
AUS,1997,71.327
AUS,1998,75.242
AUS,1999,74.875
AUS,2000,74.723
AUS,2001,75.832
AUS,2002,80.068
AUS,2003,82.198
AUS,2004,87.242
AUS,2005,88.924
AUS,2006,94.081
AUS,2007,97.733
AUS,2008,100.023
AUS,2009,102.423
AUS,2010,104.642
AUS,2011,106.542
AUS,2012,109.286
AUS,2013,104.049
AUS,2014,102.228
AUS,2015,101.603
AUS,2016,101.770
AUS,2017,103.260
AUT,1990,22.525
AUT,1991,23.865
AUT,1992,22.289
AUT,1993,22.504
AUT,1994,22.954
AUT,1995,24.219
AUT,1996,26.446
AUT,1997,25.171
AUT,1998,26.340
AUT,1999,25.016
AUT,2000,25.041
AUT,2001,25.816
AUT,2002,26.368
AUT,2003,27.109
AUT,2004,27.718
AUT,2005,28.424
AUT,2006,28.982
AUT,2007,27.580
AUT,2008,27.110
AUT,2009,25.235
AUT,2010,26.497
AUT,2011,27.053
AUT,2012,25.652
AUT,2013,25.396
AUT,2014,24.498
AUT,2015,24.964
AUT,2016,25.105
AUT,2017,25.815
AZE,1990,8.833
AZE,1991,8.141
AZE,1992,6.068
AZE,1993,8.342
AZE,1994,6.784
AZE,1995,6.855
AZE,1996,8.368
AZE,1997,7.734
AZE,1998,8.339
AZE,1999,7.126
AZE,2000,7.465
AZE,2001,7.567
AZE,2002,8.593
AZE,2003,9.382
AZE,2004,10.088
AZE,2005,9.733
AZE,2006,11.202
AZE,2007,8.774
AZE,2008,9.902
AZE,2009,8.708
AZE,2010,8.392
AZE,2011,9.301
AZE,2012,10.181
AZE,2013,10.496
AZE,2014,11.047
AZE,2015,11.067
AZE,2016,10.947
AZE,2017,11.025
Africa,1990,148.591
Africa,1991,156.411
Africa,1992,151.610
Africa,1993,157.725
Africa,1994,161.969
Africa,1995,170.446
Africa,1996,170.104
Africa,1997,175.670
Africa,1998,185.195
Africa,1999,187.996
Africa,2000,198.678
Africa,2001,202.266
Africa,2002,203.717
Africa,2003,227.451
Africa,2004,239.425
Africa,2005,249.937
Africa,2006,261.123
Africa,2007,277.594
Africa,2008,296.262
Africa,2009,308.119
Africa,2010,305.832
Africa,2011,315.461
Africa,2012,324.287
Africa,2013,346.124
Africa,2014,365.251
Africa,2015,360.147
Africa,2016,363.619
Africa,2017,363.811
Asia,1990,1595.068
Asia,1991,1672.796
Asia,1992,1706.599
Asia,1993,1776.056
Asia,1994,1852.237
Asia,1995,1946.641
Asia,1996,2029.161
Asia,1997,2044.449
Asia,1998,1905.093
Asia,1999,2001.420
Asia,2000,2075.742
Asia,2001,2113.676
Asia,2002,2211.481
Asia,2003,2377.980
Asia,2004,2564.010
Asia,2005,2736.019
Asia,2006,2872.790
Asia,2007,3023.740
Asia,2008,3208.606
Asia,2009,3387.180
Asia,2010,3613.299
Asia,2011,3887.941
Asia,2012,4049.801
Asia,2013,4070.647
Asia,2014,4118.324
Asia,2015,4186.346
Asia,2016,4255.250
Asia,2017,4327.641
BEL,1990,40.191
BEL,1991,42.691
BEL,1992,41.259
BEL,1993,41.405
BEL,1994,42.605
BEL,1995,44.249
BEL,1996,44.411
BEL,1997,46.145
BEL,1998,48.985
BEL,1999,49.747
BEL,2000,51.339
BEL,2001,50.841
BEL,2002,53.921
BEL,2003,52.630
BEL,2004,58.223
BEL,2005,57.066
BEL,2006,59.529
BEL,2007,60.555
BEL,2008,55.921
BEL,2009,49.287
BEL,2010,52.664
BEL,2011,55.095
BEL,2012,50.025
BEL,2013,49.615
BEL,2014,48.721
BEL,2015,48.749
BEL,2016,48.049
BEL,2017,48.607
BEN,1990,0.256
BEN,1991,0.288
BEN,1992,0.307
BEN,1993,0.366
BEN,1994,0.410
BEN,1995,0.442
BEN,1996,0.462
BEN,1997,0.503
BEN,1998,0.560
BEN,1999,0.561
BEN,2000,0.681
BEN,2001,0.757
BEN,2002,0.854
BEN,2003,0.952
BEN,2004,0.917
BEN,2005,1.161
BEN,2006,1.578
BEN,2007,1.642
BEN,2008,1.807
BEN,2009,1.803
BEN,2010,1.910
BEN,2011,2.362
BEN,2012,2.012
BEN,2013,2.134
BEN,2014,2.073
BEN,2015,2.182
BEN,2016,2.159
BEN,2017,2.230
BFA,1990,0.224
BFA,1991,0.235
BFA,1992,0.236
BFA,1993,0.240
BFA,1994,0.242
BFA,1995,0.252
BFA,1996,0.275
BFA,1997,0.329
BFA,1998,0.540
BFA,1999,0.661
BFA,2000,0.438
BFA,2001,0.537
BFA,2002,0.524
BFA,2003,0.541
BFA,2004,0.635
BFA,2005,0.449
BFA,2006,0.473
BFA,2007,0.589
BFA,2008,0.646
BFA,2009,0.749
BFA,2010,0.792
BFA,2011,0.760
BFA,2012,0.822
BFA,2013,1.096
BFA,2014,1.116
BFA,2015,1.205
BFA,2016,1.238
BFA,2017,1.357
BGD,1990,4.757
BGD,1991,5.130
BGD,1992,5.314
BGD,1993,5.604
BGD,1994,6.172
BGD,1995,7.139
BGD,1996,7.519
BGD,1997,7.988
BGD,1998,7.961
BGD,1999,8.162
BGD,2000,8.856
BGD,2001,11.007
BGD,2002,10.253
BGD,2003,12.473
BGD,2004,12.953
BGD,2005,13.220
BGD,2006,14.055
BGD,2007,15.126
BGD,2008,15.384
BGD,2009,16.850
BGD,2010,19.084
BGD,2011,20.463
BGD,2012,21.391
BGD,2013,23.250
BGD,2014,24.615
BGD,2015,26.192
BGD,2016,26.969
BGD,2017,28.055
BGR,1990,15.298
BGR,1991,13.598
BGR,1992,12.394
BGR,1993,12.280
BGR,1994,11.751
BGR,1995,11.582
BGR,1996,11.840
BGR,1997,10.827
BGR,1998,11.161
BGR,1999,10.450
BGR,2000,11.316
BGR,2001,11.983
BGR,2002,11.255
BGR,2003,12.075
BGR,2004,11.914
BGR,2005,12.460
BGR,2006,13.633
BGR,2007,14.218
BGR,2008,14.541
BGR,2009,11.865
BGR,2010,11.730
BGR,2011,12.681
BGR,2012,12.119
BGR,2013,10.548
BGR,2014,10.883
BGR,2015,11.318
BGR,2016,10.669
BGR,2017,11.106
BHR,1990,3.007
BHR,1991,3.094
BHR,1992,2.944
BHR,1993,3.543
BHR,1994,3.619
BHR,1995,3.595
BHR,1996,3.709
BHR,1997,3.408
BHR,1998,3.741
BHR,1999,1.794
BHR,2000,3.321
BHR,2001,2.913
BHR,2002,2.778
BHR,2003,2.801
BHR,2004,2.854
BHR,2005,3.537
BHR,2006,3.277
BHR,2007,4.511
BHR,2008,5.450
BHR,2009,5.330
BHR,2010,5.723
BHR,2011,4.871
BHR,2012,3.964
BHR,2013,4.633
BHR,2014,4.891
BHR,2015,5.085
BHR,2016,5.086
BHR,2017,5.167
BLR,1990,7.819
BLR,1991,7.232
BLR,1992,10.004
BLR,1993,10.434
BLR,1994,7.769
BLR,1995,8.432
BLR,1996,12.486
BLR,1997,12.752
BLR,1998,19.327
BLR,1999,16.341
BLR,2000,15.512
BLR,2001,15.465
BLR,2002,16.131
BLR,2003,16.269
BLR,2004,17.225
BLR,2005,16.198
BLR,2006,18.276
BLR,2007,19.524
BLR,2008,21.161
BLR,2009,15.408
BLR,2010,17.271
BLR,2011,15.683
BLR,2012,19.035
BLR,2013,19.657
BLR,2014,19.217
BLR,2015,18.349
BLR,2016,18.539
BLR,2017,18.959
BOL,1990,1.415
BOL,1991,1.463
BOL,1992,1.607
BOL,1993,1.846
BOL,1994,1.966
BOL,1995,2.203
BOL,1996,2.242
BOL,1997,2.707
BOL,1998,2.771
BOL,1999,2.842
BOL,2000,2.782
BOL,2001,2.218
BOL,2002,2.658
BOL,2003,2.419
BOL,2004,2.322
BOL,2005,2.530
BOL,2006,3.187
BOL,2007,2.713
BOL,2008,3.104
BOL,2009,3.465
BOL,2010,3.669
BOL,2011,4.057
BOL,2012,4.480
BOL,2013,4.593
BOL,2014,4.773
BOL,2015,4.842
BOL,2016,5.275
BOL,2017,5.513
BRA,1990,63.940
BRA,1991,66.765
BRA,1992,66.311
BRA,1993,68.881
BRA,1994,72.554
BRA,1995,78.256
BRA,1996,86.183
BRA,1997,91.326
BRA,1998,94.212
BRA,1999,91.395
BRA,2000,94.192
BRA,2001,94.962
BRA,2002,91.283
BRA,2003,87.624
BRA,2004,91.604
BRA,2005,94.273
BRA,2006,96.135
BRA,2007,101.939
BRA,2008,114.813
BRA,2009,105.160
BRA,2010,125.069
BRA,2011,132.545
BRA,2012,140.614
BRA,2013,150.696
BRA,2014,158.469
BRA,2015,148.502
BRA,2016,137.687
BRA,2017,140.025
BRN,1990,0.876
BRN,1991,0.803
BRN,1992,0.843
BRN,1993,0.921
BRN,1994,0.947
BRN,1995,0.883
BRN,1996,1.239
BRN,1997,0.670
BRN,1998,0.951
BRN,1999,0.536
BRN,2000,0.563
BRN,2001,0.546
BRN,2002,0.550
BRN,2003,1.119
BRN,2004,1.071
BRN,2005,1.098
BRN,2006,1.186
BRN,2007,1.778
BRN,2008,1.938
BRN,2009,1.408
BRN,2010,1.532
BRN,2011,1.951
BRN,2012,2.138
BRN,2013,2.225
BRN,2014,2.372
BRN,2015,2.102
BRN,2016,2.115
BRN,2017,2.196
BWA,1990,0.737
BWA,1991,0.719
BWA,1992,0.758
BWA,1993,0.872
BWA,1994,0.827
BWA,1995,0.831
BWA,1996,0.752
BWA,1997,0.764
BWA,1998,0.912
BWA,1999,0.862
BWA,2000,2.681
BWA,2001,2.295
BWA,2002,0.833
BWA,2003,4.367
BWA,2004,2.980
BWA,2005,2.622
BWA,2006,2.315
BWA,2007,2.885
BWA,2008,3.169
BWA,2009,1.493
BWA,2010,1.614
BWA,2011,1.414
BWA,2012,1.557
BWA,2013,4.178
BWA,2014,4.540
BWA,2015,4.391
BWA,2016,4.633
BWA,2017,4.696
Bunkers,1959,58.234
Bunkers,1960,65.022
Bunkers,1961,71.845
Bunkers,1962,74.403
Bunkers,1963,77.821
Bunkers,1964,85.181
Bunkers,1965,88.051
Bunkers,1966,95.264
Bunkers,1967,101.955
Bunkers,1968,107.758
Bunkers,1969,112.831
Bunkers,1970,119.330
Bunkers,1971,125.838
Bunkers,1972,134.372
Bunkers,1973,143.979
Bunkers,1974,133.565
Bunkers,1975,122.390
Bunkers,1976,120.031
Bunkers,1977,122.906
Bunkers,1978,124.609
Bunkers,1979,125.132
Bunkers,1980,122.010
Bunkers,1981,112.687
Bunkers,1982,102.116
Bunkers,1983,97.949
Bunkers,1984,98.328
Bunkers,1985,100.469
Bunkers,1986,107.534
Bunkers,1987,144.701
Bunkers,1988,149.545
Bunkers,1989,154.309
Bunkers,1990,152.690
Bunkers,1991,147.987
Bunkers,1992,149.616
Bunkers,1993,151.939
Bunkers,1994,158.466
Bunkers,1995,167.344
Bunkers,1996,181.873
Bunkers,1997,191.396
Bunkers,1998,203.021
Bunkers,1999,209.739
Bunkers,2000,212.377
Bunkers,2001,211.202
Bunkers,2002,216.121
Bunkers,2003,225.422
Bunkers,2004,245.075
Bunkers,2005,255.188
Bunkers,2006,269.692
Bunkers,2007,285.237
Bunkers,2008,289.497
Bunkers,2009,276.896
Bunkers,2010,293.375
Bunkers,2011,301.281
Bunkers,2012,298.891
Bunkers,2013,303.556
Bunkers,2014,305.935
Bunkers,2015,316.488
Bunkers,2016,328.887
Bunkers,2017,334.471
Bunkers,2018,338.355
CAN,1990,129.278
CAN,1991,128.302
CAN,1992,130.968
CAN,1993,130.158
CAN,1994,133.280
CAN,1995,137.011
CAN,1996,140.385
CAN,1997,149.657
CAN,1998,151.912
CAN,1999,151.900
CAN,2000,158.483
CAN,2001,153.848
CAN,2002,159.020
CAN,2003,152.605
CAN,2004,156.750
CAN,2005,159.463
CAN,2006,155.011
CAN,2007,162.657
CAN,2008,160.746
CAN,2009,153.480
CAN,2010,162.159
CAN,2011,154.121
CAN,2012,164.524
CAN,2013,166.806
CAN,2014,166.368
CAN,2015,162.156
CAN,2016,158.248
CAN,2017,161.476
CHE,1990,21.556
CHE,1991,22.727
CHE,1992,22.148
CHE,1993,21.956
CHE,1994,22.287
CHE,1995,23.455
CHE,1996,28.527
CHE,1997,25.864
CHE,1998,30.709
CHE,1999,26.758
CHE,2000,27.873
CHE,2001,25.750
CHE,2002,24.920
CHE,2003,29.491
CHE,2004,29.315
CHE,2005,29.214
CHE,2006,28.567
CHE,2007,30.717
CHE,2008,30.988
CHE,2009,30.014
CHE,2010,29.474
CHE,2011,31.961
CHE,2012,30.706
CHE,2013,34.479
CHE,2014,33.571
CHE,2015,33.273
CHE,2016,32.732
CHE,2017,33.111
CHL,1990,8.396
CHL,1991,8.033
CHL,1992,8.201
CHL,1993,8.828
CHL,1994,9.497
CHL,1995,10.449
CHL,1996,11.917
CHL,1997,13.304
CHL,1998,13.802
CHL,1999,15.179
CHL,2000,15.160
CHL,2001,14.093
CHL,2002,14.463
CHL,2003,13.672
CHL,2004,14.629
CHL,2005,16.133
CHL,2006,17.819
CHL,2007,18.941
CHL,2008,20.248
CHL,2009,17.161
CHL,2010,19.909
CHL,2011,22.163
CHL,2012,23.745
CHL,2013,23.958
CHL,2014,23.353
CHL,2015,23.942
CHL,2016,24.284
CHL,2017,24.487
CHN,1990,623.853
CHN,1991,655.142
CHN,1992,676.683
CHN,1993,714.483
CHN,1994,743.082
CHN,1995,802.871
CHN,1996,836.809
CHN,1997,815.998
CHN,1998,778.759
CHN,1999,788.386
CHN,2000,808.214
CHN,2001,847.872
CHN,2002,916.936
CHN,2003,1041.847
CHN,2004,1180.948
CHN,2005,1316.315
CHN,2006,1409.668
CHN,2007,1518.508
CHN,2008,1634.753
CHN,2009,1808.520
CHN,2010,1974.120
CHN,2011,2168.061
CHN,2012,2236.136
CHN,2013,2269.037
CHN,2014,2269.974
CHN,2015,2278.238
CHN,2016,2310.622
CHN,2017,2333.115
CIV,1990,1.383
CIV,1991,1.383
CIV,1992,1.264
CIV,1993,1.578
CIV,1994,1.370
CIV,1995,1.818
CIV,1996,1.667
CIV,1997,1.650
CIV,1998,2.196
CIV,1999,1.305
CIV,2000,1.096
CIV,2001,1.333
CIV,2002,1.088
CIV,2003,1.799
CIV,2004,1.971
CIV,2005,2.207
CIV,2006,2.261
CIV,2007,2.069
CIV,2008,2.344
CIV,2009,2.078
CIV,2010,2.236
CIV,2011,2.249
CIV,2012,2.719
CIV,2013,4.035
CIV,2014,4.188
CIV,2015,4.057
CIV,2016,3.734
CIV,2017,3.811
CMR,1990,0.363
CMR,1991,0.243
CMR,1992,0.894
CMR,1993,0.964
CMR,1994,0.950
CMR,1995,1.041
CMR,1996,1.061
CMR,1997,1.094
CMR,1998,1.092
CMR,1999,0.889
CMR,2000,1.070
CMR,2001,1.201
CMR,2002,1.193
CMR,2003,1.426
CMR,2004,1.373
CMR,2005,1.422
CMR,2006,1.492
CMR,2007,1.697
CMR,2008,1.858
CMR,2009,2.137
CMR,2010,2.212
CMR,2011,2.281
CMR,2012,2.393
CMR,2013,2.560
CMR,2014,3.079
CMR,2015,3.206
CMR,2016,3.342
CMR,2017,3.469
COL,1990,17.085
COL,1991,16.863
COL,1992,17.915
COL,1993,18.906
COL,1994,20.115
COL,1995,18.526
COL,1996,18.378
COL,1997,20.160
COL,1998,20.676
COL,1999,16.727
COL,2000,16.669
COL,2001,17.015
COL,2002,18.042
COL,2003,16.782
COL,2004,16.108
COL,2005,17.884
COL,2006,19.214
COL,2007,19.570
COL,2008,21.139
COL,2009,21.436
COL,2010,23.082
COL,2011,23.936
COL,2012,25.240
COL,2013,28.216
COL,2014,27.221
COL,2015,28.698
COL,2016,29.477
COL,2017,28.861
CRI,1990,1.341
CRI,1991,1.433
CRI,1992,1.512
CRI,1993,1.587
CRI,1994,1.938
CRI,1995,1.888
CRI,1996,1.843
CRI,1997,2.047
CRI,1998,2.419
CRI,1999,3.530
CRI,2000,2.740
CRI,2001,3.324
CRI,2002,4.892
CRI,2003,3.398
CRI,2004,3.494
CRI,2005,3.723
CRI,2006,3.115
CRI,2007,3.521
CRI,2008,3.535
CRI,2009,3.082
CRI,2010,3.214
CRI,2011,3.444
CRI,2012,3.545
CRI,2013,3.396
CRI,2014,3.431
CRI,2015,3.319
CRI,2016,3.355
CRI,2017,3.369
CYP,1990,1.579
CYP,1991,1.710
CYP,1992,1.601
CYP,1993,1.626
CYP,1994,1.701
CYP,1995,1.726
CYP,1996,2.046
CYP,1997,1.924
CYP,1998,2.349
CYP,1999,2.127
CYP,2000,2.437
CYP,2001,2.411
CYP,2002,2.883
CYP,2003,2.738
CYP,2004,2.516
CYP,2005,2.639
CYP,2006,2.565
CYP,2007,2.876
CYP,2008,3.259
CYP,2009,3.543
CYP,2010,3.511
CYP,2011,3.047
CYP,2012,2.537
CYP,2013,2.121
CYP,2014,2.133
CYP,2015,2.119
CYP,2016,2.144
CYP,2017,2.245
CZE,1990,44.497
CZE,1991,41.493
CZE,1992,39.122
CZE,1993,36.824
CZE,1994,36.036
CZE,1995,35.747
CZE,1996,35.910
CZE,1997,34.688
CZE,1998,33.119
CZE,1999,30.806
CZE,2000,33.144
CZE,2001,33.391
CZE,2002,33.939
CZE,2003,33.896
CZE,2004,32.699
CZE,2005,31.116
CZE,2006,33.273
CZE,2007,34.540
CZE,2008,34.691
CZE,2009,31.280
CZE,2010,32.716
CZE,2011,32.185
CZE,2012,30.054
CZE,2013,29.436
CZE,2014,28.501
CZE,2015,28.830
CZE,2016,29.083
CZE,2017,29.229
Central America,1990,27.605
Central America,1991,27.112
Central America,1992,25.887
Central America,1993,26.744
Central America,1994,28.066
Central America,1995,30.738
Central America,1996,33.522
Central America,1997,34.490
Central America,1998,36.263
Central America,1999,40.799
Central America,2000,42.150
Central America,2001,44.750
Central America,2002,46.039
Central America,2003,43.859
Central America,2004,40.948
Central America,2005,42.829
Central America,2006,42.115
Central America,2007,42.832
Central America,2008,43.770
Central America,2009,47.222
Central America,2010,51.266
Central America,2011,47.681
Central America,2012,52.555
Central America,2013,49.409
Central America,2014,51.806
Central America,2015,54.720
Central America,2016,55.341
Central America,2017,55.321
DEU,1990,316.813
DEU,1991,313.723
DEU,1992,300.446
DEU,1993,301.717
DEU,1994,300.765
DEU,1995,305.436
DEU,1996,303.338
DEU,1997,293.637
DEU,1998,295.206
DEU,1999,288.563
DEU,2000,288.323
DEU,2001,289.042
DEU,2002,282.054
DEU,2003,289.712
DEU,2004,289.872
DEU,2005,283.927
DEU,2006,291.181
DEU,2007,276.731
DEU,2008,273.503
DEU,2009,254.973
DEU,2010,266.844
DEU,2011,265.386
DEU,2012,252.234
DEU,2013,251.975
DEU,2014,243.372
DEU,2015,241.976
DEU,2016,243.061
DEU,2017,244.224
DNK,1990,15.680
DNK,1991,17.777
DNK,1992,16.563
DNK,1993,17.039
DNK,1994,18.014
DNK,1995,17.982
DNK,1996,19.783
DNK,1997,18.442
DNK,1998,17.737
DNK,1999,18.242
DNK,2000,17.135
DNK,2001,17.284
DNK,2002,17.465
DNK,2003,18.185
DNK,2004,18.477
DNK,2005,17.843
DNK,2006,19.581
DNK,2007,18.664
DNK,2008,17.884
DNK,2009,16.694
DNK,2010,16.957
DNK,2011,16.317
DNK,2012,14.899
DNK,2013,15.323
DNK,2014,14.663
DNK,2015,14.298
DNK,2016,14.537
DNK,2017,14.451
DOM,1990,2.635
DOM,1991,2.827
DOM,1992,3.064
DOM,1993,3.273
DOM,1994,3.472
DOM,1995,4.224
DOM,1996,4.651
DOM,1997,4.982
DOM,1998,5.653
DOM,1999,6.591
DOM,2000,7.043
DOM,2001,7.242
DOM,2002,6.539
DOM,2003,5.877
DOM,2004,5.054
DOM,2005,5.489
DOM,2006,5.697
DOM,2007,6.404
DOM,2008,6.645
DOM,2009,6.166
DOM,2010,6.474
DOM,2011,6.578
DOM,2012,6.877
DOM,2013,6.350
DOM,2014,6.468
DOM,2015,6.882
DOM,2016,7.065
DOM,2017,7.001
ECU,1990,4.671
ECU,1991,4.512
ECU,1992,5.735
ECU,1993,6.158
ECU,1994,3.945
ECU,1995,5.829
ECU,1996,6.040
ECU,1997,5.150
ECU,1998,6.586
ECU,1999,6.054
ECU,2000,5.843
ECU,2001,7.062
ECU,2002,8.166
ECU,2003,8.107
ECU,2004,8.453
ECU,2005,8.824
ECU,2006,8.897
ECU,2007,10.035
ECU,2008,10.489
ECU,2009,10.875
ECU,2010,11.582
ECU,2011,11.912
ECU,2012,11.205
ECU,2013,13.274
ECU,2014,14.353
ECU,2015,13.585
ECU,2016,12.933
ECU,2017,12.775
EGY,1990,23.046
EGY,1991,24.047
EGY,1992,23.786
EGY,1993,26.781
EGY,1994,25.585
EGY,1995,28.580
EGY,1996,28.145
EGY,1997,31.988
EGY,1998,36.487
EGY,1999,37.977
EGY,2000,40.754
EGY,2001,36.407
EGY,2002,36.897
EGY,2003,40.795
EGY,2004,39.861
EGY,2005,46.063
EGY,2006,47.304
EGY,2007,48.891
EGY,2008,51.708
EGY,2009,54.968
EGY,2010,54.676
EGY,2011,57.534
EGY,2012,59.942
EGY,2013,57.558
EGY,2014,61.877
EGY,2015,61.087
EGY,2016,65.905
EGY,2017,62.049
ESP,1990,71.492
ESP,1991,74.862
ESP,1992,75.408
ESP,1993,73.018
ESP,1994,75.398
ESP,1995,79.307
ESP,1996,74.923
ESP,1997,77.172
ESP,1998,83.074
ESP,1999,87.135
ESP,2000,90.600
ESP,2001,91.802
ESP,2002,98.710
ESP,2003,98.889
ESP,2004,106.350
ESP,2005,112.208
ESP,2006,115.269
ESP,2007,118.206
ESP,2008,109.339
ESP,2009,96.123
ESP,2010,93.817
ESP,2011,91.997
ESP,2012,86.289
ESP,2013,78.692
ESP,2014,78.843
ESP,2015,81.694
ESP,2016,79.134
ESP,2017,82.498
EST,1990,8.675
EST,1991,8.874
EST,1992,5.617
EST,1993,4.527
EST,1994,4.629
EST,1995,4.438
EST,1996,4.768
EST,1997,4.648
EST,1998,5.267
EST,1999,5.126
EST,2000,4.741
EST,2001,4.726
EST,2002,5.056
EST,2003,5.624
EST,2004,4.958
EST,2005,5.047
EST,2006,5.237
EST,2007,5.617
EST,2008,4.647
EST,2009,4.058
EST,2010,4.771
EST,2011,5.125
EST,2012,4.859
EST,2013,4.983
EST,2014,4.863
EST,2015,4.470
EST,2016,4.719
EST,2017,4.984
ETH,1990,1.017
ETH,1991,1.027
ETH,1992,1.030
ETH,1993,1.067
ETH,1994,0.879
ETH,1995,0.985
ETH,1996,1.076
ETH,1997,1.193
ETH,1998,1.438
ETH,1999,1.414
ETH,2000,1.352
ETH,2001,1.608
ETH,2002,1.587
ETH,2003,1.806
ETH,2004,1.759
ETH,2005,2.004
ETH,2006,2.198
ETH,2007,2.245
ETH,2008,2.557
ETH,2009,2.991
ETH,2010,2.630
ETH,2011,2.792
ETH,2012,3.774
ETH,2013,4.416
ETH,2014,4.966
ETH,2015,5.190
ETH,2016,5.495
ETH,2017,5.758
EUU,1990,1369.243
EUU,1991,1390.344
EUU,1992,1322.082
EUU,1993,1305.664
EUU,1994,1308.788
EUU,1995,1334.924
EUU,1996,1338.912
EUU,1997,1319.535
EUU,1998,1340.388
EUU,1999,1315.763
EUU,2000,1326.999
EUU,2001,1335.456
EUU,2002,1345.872
EUU,2003,1365.550
EUU,2004,1397.911
EUU,2005,1389.125
EUU,2006,1434.677
EUU,2007,1418.000
EUU,2008,1385.851
EUU,2009,1284.313
EUU,2010,1318.967
EUU,2011,1295.152
EUU,2012,1229.440
EUU,2013,1190.680
EUU,2014,1153.373
EUU,2015,1152.340
EUU,2016,1145.655
EUU,2017,1158.730
Europe,1990,2212.924
Europe,1991,2109.701
Europe,1992,1974.169
Europe,1993,1903.036
Europe,1994,1807.355
Europe,1995,1808.506
Europe,1996,1838.720
Europe,1997,1783.774
Europe,1998,1791.054
Europe,1999,1773.344
Europe,2000,1784.306
Europe,2001,1812.578
Europe,2002,1815.464
Europe,2003,1847.738
Europe,2004,1880.108
Europe,2005,1885.732
Europe,2006,1941.095
Europe,2007,1950.497
Europe,2008,1932.331
Europe,2009,1774.484
Europe,2010,1837.429
Europe,2011,1841.484
Europe,2012,1793.111
Europe,2013,1740.788
Europe,2014,1692.093
Europe,2015,1675.431
Europe,2016,1666.562
Europe,2017,1684.245
FIN,1990,18.832
FIN,1991,21.045
FIN,1992,19.152
FIN,1993,19.376
FIN,1994,20.540
FIN,1995,20.362
FIN,1996,21.324
FIN,1997,21.334
FIN,1998,20.074
FIN,1999,19.608
FIN,2000,19.312
FIN,2001,20.873
FIN,2002,21.046
FIN,2003,23.680
FIN,2004,24.443
FIN,2005,21.821
FIN,2006,25.305
FIN,2007,25.504
FIN,2008,22.672
FIN,2009,19.975
FIN,2010,22.802
FIN,2011,20.636
FIN,2012,19.723
FIN,2013,18.991
FIN,2014,18.327
FIN,2015,17.853
FIN,2016,18.484
FIN,2017,18.193
FRA,1990,132.517
FRA,1991,142.233
FRA,1992,137.147
FRA,1993,133.603
FRA,1994,134.233
FRA,1995,138.155
FRA,1996,140.821
FRA,1997,137.952
FRA,1998,144.573
FRA,1999,142.422
FRA,2000,142.726
FRA,2001,142.383
FRA,2002,142.686
FRA,2003,143.086
FRA,2004,149.610
FRA,2005,148.165
FRA,2006,145.030
FRA,2007,150.121
FRA,2008,146.669
FRA,2009,140.959
FRA,2010,140.376
FRA,2011,144.845
FRA,2012,130.634
FRA,2013,129.155
FRA,2014,122.598
FRA,2015,123.056
FRA,2016,122.965
FRA,2017,125.206
GBR,1990,179.524
GBR,1991,184.147
GBR,1992,179.566
GBR,1993,177.626
GBR,1994,178.215
GBR,1995,177.383
GBR,1996,186.309
GBR,1997,183.803
GBR,1998,190.218
GBR,1999,183.925
GBR,2000,185.729
GBR,2001,188.825
GBR,2002,186.648
GBR,2003,193.515
GBR,2004,197.436
GBR,2005,194.544
GBR,2006,197.717
GBR,2007,198.911
GBR,2008,189.430
GBR,2009,179.761
GBR,2010,186.119
GBR,2011,171.616
GBR,2012,175.198
GBR,2013,169.770
GBR,2014,162.611
GBR,2015,158.076
GBR,2016,153.215
GBR,2017,151.883
GEO,1990,4.620
GEO,1991,4.150
GEO,1992,2.573
GEO,1993,2.194
GEO,1994,1.329
GEO,1995,0.599
GEO,1996,2.470
GEO,1997,1.925
GEO,1998,2.071
GEO,1999,1.578
GEO,2000,1.476
GEO,2001,1.409
GEO,2002,1.305
GEO,2003,1.485
GEO,2004,1.751
GEO,2005,2.009
GEO,2006,2.358
GEO,2007,2.568
GEO,2008,2.428
GEO,2009,2.116
GEO,2010,2.219
GEO,2011,2.497
GEO,2012,2.788
GEO,2013,2.796
GEO,2014,2.974
GEO,2015,3.068
GEO,2016,3.134
GEO,2017,3.097
GHA,1990,1.277
GHA,1991,1.402
GHA,1992,1.270
GHA,1993,1.448
GHA,1994,1.675
GHA,1995,1.707
GHA,1996,2.006
GHA,1997,2.382
GHA,1998,2.413
GHA,1999,2.552
GHA,2000,2.374
GHA,2001,2.684
GHA,2002,2.745
GHA,2003,2.965
GHA,2004,3.313
GHA,2005,3.389
GHA,2006,3.846
GHA,2007,4.110
GHA,2008,4.063
GHA,2009,3.620
GHA,2010,4.041
GHA,2011,5.045
GHA,2012,6.173
GHA,2013,5.781
GHA,2014,6.112
GHA,2015,6.226
GHA,2016,6.097
GHA,2017,6.370
GIN,1990,0.274
GIN,1991,0.280
GIN,1992,0.289
GIN,1993,0.297
GIN,1994,0.307
GIN,1995,0.318
GIN,1996,0.337
GIN,1997,0.352
GIN,1998,0.372
GIN,1999,0.391
GIN,2000,0.407
GIN,2001,0.426
GIN,2002,0.443
GIN,2003,0.464
GIN,2004,0.481
GIN,2005,0.498
GIN,2006,0.516
GIN,2007,0.537
GIN,2008,0.545
GIN,2009,0.576
GIN,2010,0.678
GIN,2011,0.708
GIN,2012,0.661
GIN,2013,0.576
GIN,2014,0.591
GIN,2015,0.669
GIN,2016,0.749
GIN,2017,0.835
GRC,1990,26.344
GRC,1991,26.477
GRC,1992,25.940
GRC,1993,26.034
GRC,1994,26.682
GRC,1995,27.442
GRC,1996,27.119
GRC,1997,27.558
GRC,1998,29.959
GRC,1999,28.348
GRC,2000,29.903
GRC,2001,30.451
GRC,2002,31.131
GRC,2003,27.004
GRC,2004,26.068
GRC,2005,26.335
GRC,2006,27.427
GRC,2007,26.878
GRC,2008,26.991
GRC,2009,30.255
GRC,2010,26.627
GRC,2011,23.831
GRC,2012,22.431
GRC,2013,19.700
GRC,2014,18.673
GRC,2015,17.852
GRC,2016,17.497
GRC,2017,17.949
GTM,1990,1.657
GTM,1991,1.740
GTM,1992,1.954
GTM,1993,1.902
GTM,1994,2.216
GTM,1995,2.339
GTM,1996,2.199
GTM,1997,2.636
GTM,1998,3.201
GTM,1999,3.263
GTM,2000,3.394
GTM,2001,3.728
GTM,2002,4.194
GTM,2003,3.599
GTM,2004,3.730
GTM,2005,4.136
GTM,2006,4.287
GTM,2007,4.283
GTM,2008,4.100
GTM,2009,4.018
GTM,2010,4.140
GTM,2011,4.427
GTM,2012,4.639
GTM,2013,4.774
GTM,2014,4.967
GTM,2015,5.323
GTM,2016,5.491
GTM,2017,5.492
HKG,1990,21.039
HKG,1991,22.928
HKG,1992,24.344
HKG,1993,26.808
HKG,1994,30.056
HKG,1995,32.591
HKG,1996,32.171
HKG,1997,36.672
HKG,1998,31.582
HKG,1999,27.770
HKG,2000,28.578
HKG,2001,29.829
HKG,2002,26.209
HKG,2003,24.664
HKG,2004,22.097
HKG,2005,24.032
HKG,2006,24.937
HKG,2007,21.224
HKG,2008,24.083
HKG,2009,22.824
HKG,2010,24.434
HKG,2011,21.898
HKG,2012,31.009
HKG,2013,33.317
HKG,2014,34.072
HKG,2015,32.700
HKG,2016,31.709
HKG,2017,32.565
HND,1990,0.798
HND,1991,0.853
HND,1992,0.934
HND,1993,0.924
HND,1994,1.074
HND,1995,1.187
HND,1996,1.297
HND,1997,1.499
HND,1998,1.727
HND,1999,1.930
HND,2000,2.063
HND,2001,2.334
HND,2002,2.664
HND,2003,2.449
HND,2004,2.419
HND,2005,2.584
HND,2006,2.566
HND,2007,2.866
HND,2008,2.833
HND,2009,2.586
HND,2010,2.669
HND,2011,2.726
HND,2012,3.141
HND,2013,3.087
HND,2014,3.134
HND,2015,3.227
HND,2016,3.176
HND,2017,3.178
HRV,1990,5.607
HRV,1991,4.363
HRV,1992,4.342
HRV,1993,4.633
HRV,1994,4.668
HRV,1995,5.146
HRV,1996,5.497
HRV,1997,5.783
HRV,1998,5.672
HRV,1999,5.863
HRV,2000,5.704
HRV,2001,6.388
HRV,2002,6.788
HRV,2003,7.318
HRV,2004,7.247
HRV,2005,7.512
HRV,2006,8.527
HRV,2007,8.386
HRV,2008,8.185
HRV,2009,7.245
HRV,2010,6.795
HRV,2011,7.413
HRV,2012,6.127
HRV,2013,5.978
HRV,2014,5.666
HRV,2015,5.714
HRV,2016,5.839
HRV,2017,6.024
HUN,1990,23.971
HUN,1991,24.082
HUN,1992,20.694
HUN,1993,21.255
HUN,1994,20.928
HUN,1995,20.793
HUN,1996,20.204
HUN,1997,19.894
HUN,1998,20.075
HUN,1999,19.821
HUN,2000,19.268
HUN,2001,20.104
HUN,2002,21.039
HUN,2003,22.514
HUN,2004,21.456
HUN,2005,21.263
HUN,2006,22.733
HUN,2007,22.120
HUN,2008,21.899
HUN,2009,18.683
HUN,2010,18.980
HUN,2011,18.688
HUN,2012,17.274
HUN,2013,17.042
HUN,2014,16.828
HUN,2015,17.286
HUN,2016,17.400
HUN,2017,18.086
IDN,1990,41.215
IDN,1991,48.744
IDN,1992,53.441
IDN,1993,57.760
IDN,1994,59.349
IDN,1995,61.052
IDN,1996,68.157
IDN,1997,74.457
IDN,1998,51.795
IDN,1999,66.241
IDN,2000,71.678
IDN,2001,78.776
IDN,2002,82.926
IDN,2003,85.062
IDN,2004,90.395
IDN,2005,91.563
IDN,2006,92.189
IDN,2007,99.743
IDN,2008,112.308
IDN,2009,121.470
IDN,2010,118.411
IDN,2011,138.882
IDN,2012,147.656
IDN,2013,121.609
IDN,2014,112.639
IDN,2015,145.392
IDN,2016,158.440
IDN,2017,164.032
IND,1990,167.982
IND,1991,178.155
IND,1992,187.444
IND,1993,192.743
IND,1994,203.037
IND,1995,212.074
IND,1996,225.145
IND,1997,237.839
IND,1998,242.079
IND,1999,261.213
IND,2000,259.525
IND,2001,263.634
IND,2002,263.165
IND,2003,279.277
IND,2004,294.489
IND,2005,304.454
IND,2006,327.183
IND,2007,355.349
IND,2008,390.184
IND,2009,445.552
IND,2010,439.716
IND,2011,459.710
IND,2012,500.096
IND,2013,491.282
IND,2014,541.897
IND,2015,574.930
IND,2016,594.137
IND,2017,616.724
IRL,1990,11.120
IRL,1991,11.398
IRL,1992,11.059
IRL,1993,11.098
IRL,1994,11.300
IRL,1995,11.642
IRL,1996,13.360
IRL,1997,13.373
IRL,1998,13.479
IRL,1999,14.601
IRL,2000,14.920
IRL,2001,14.992
IRL,2002,15.188
IRL,2003,16.717
IRL,2004,17.626
IRL,2005,18.499
IRL,2006,18.280
IRL,2007,18.134
IRL,2008,16.547
IRL,2009,13.874
IRL,2010,13.068
IRL,2011,12.469
IRL,2012,12.288
IRL,2013,12.169
IRL,2014,11.897
IRL,2015,11.610
IRL,2016,11.948
IRL,2017,11.556
IRN,1990,48.990
IRN,1991,52.737
IRN,1992,52.865
IRN,1993,53.802
IRN,1994,59.202
IRN,1995,62.204
IRN,1996,65.824
IRN,1997,67.504
IRN,1998,76.159
IRN,1999,78.293
IRN,2000,77.079
IRN,2001,86.011
IRN,2002,90.019
IRN,2003,107.728
IRN,2004,114.214
IRN,2005,119.923
IRN,2006,128.681
IRN,2007,137.368
IRN,2008,139.733
IRN,2009,139.284
IRN,2010,147.554
IRN,2011,151.174
IRN,2012,155.337
IRN,2013,157.737
IRN,2014,165.467
IRN,2015,161.645
IRN,2016,157.963
IRN,2017,166.402
ISR,1990,13.050
ISR,1991,13.440
ISR,1992,14.663
ISR,1993,15.313
ISR,1994,16.312
ISR,1995,17.280
ISR,1996,17.997
ISR,1997,18.747
ISR,1998,19.422
ISR,1999,17.446
ISR,2000,18.005
ISR,2001,19.106
ISR,2002,18.482
ISR,2003,21.086
ISR,2004,20.260
ISR,2005,19.932
ISR,2006,21.200
ISR,2007,21.378
ISR,2008,22.345
ISR,2009,21.007
ISR,2010,22.509
ISR,2011,22.642
ISR,2012,24.576
ISR,2013,22.209
ISR,2014,21.764
ISR,2015,22.405
ISR,2016,22.143
ISR,2017,22.497
ITA,1990,151.254
ITA,1991,155.616
ITA,1992,148.975
ITA,1993,146.389
ITA,1994,146.182
ITA,1995,154.622
ITA,1996,146.081
ITA,1997,148.892
ITA,1998,152.194
ITA,1999,154.137
ITA,2000,157.623
ITA,2001,156.995
ITA,2002,159.798
ITA,2003,159.642
ITA,2004,165.403
ITA,2005,164.106
ITA,2006,169.225
ITA,2007,166.885
ITA,2008,165.386
ITA,2009,149.493
ITA,2010,155.457
ITA,2011,153.743
ITA,2012,139.220
ITA,2013,130.455
ITA,2014,126.761
ITA,2015,127.602
ITA,2016,127.059
ITA,2017,127.690
JAM,1990,1.877
JAM,1991,1.903
JAM,1992,1.811
JAM,1993,2.028
JAM,1994,1.982
JAM,1995,2.276
JAM,1996,2.011
JAM,1997,2.189
JAM,1998,2.661
JAM,1999,2.630
JAM,2000,2.168
JAM,2001,2.786
JAM,2002,2.347
JAM,2003,2.726
JAM,2004,2.665
JAM,2005,2.840
JAM,2006,3.149
JAM,2007,2.791
JAM,2008,2.816
JAM,2009,2.114
JAM,2010,2.031
JAM,2011,2.292
JAM,2012,2.340
JAM,2013,2.346
JAM,2014,2.212
JAM,2015,2.197
JAM,2016,2.278
JAM,2017,2.278
JOR,1990,4.648
JOR,1991,4.246
JOR,1992,4.408
JOR,1993,4.422
JOR,1994,4.885
JOR,1995,5.021
JOR,1996,4.206
JOR,1997,4.932
JOR,1998,5.105
JOR,1999,4.732
JOR,2000,4.627
JOR,2001,5.492
JOR,2002,5.890
JOR,2003,5.960
JOR,2004,6.593
JOR,2005,7.215
JOR,2006,6.963
JOR,2007,7.063
JOR,2008,7.856
JOR,2009,8.487
JOR,2010,7.494
JOR,2011,7.649
JOR,2012,7.636
JOR,2013,9.178
JOR,2014,9.532
JOR,2015,9.434
JOR,2016,9.197
JOR,2017,9.422
JPN,1990,357.226
JPN,1991,368.800
JPN,1992,370.881
JPN,1993,375.633
JPN,1994,395.872
JPN,1995,406.231
JPN,1996,408.489
JPN,1997,404.282
JPN,1998,380.192
JPN,1999,397.878
JPN,2000,412.299
JPN,2001,403.549
JPN,2002,406.473
JPN,2003,409.673
JPN,2004,407.595
JPN,2005,409.296
JPN,2006,403.629
JPN,2007,409.973
JPN,2008,398.576
JPN,2009,370.104
JPN,2010,385.604
JPN,2011,407.188
JPN,2012,419.287
JPN,2013,415.578
JPN,2014,402.120
JPN,2015,389.423
JPN,2016,383.660
JPN,2017,380.217
KAZ,1990,47.743
KAZ,1991,45.424
KAZ,1992,43.449
KAZ,1993,33.170
KAZ,1994,28.784
KAZ,1995,22.790
KAZ,1996,18.811
KAZ,1997,16.930
KAZ,1998,17.553
KAZ,1999,20.286
KAZ,2000,23.314
KAZ,2001,24.616
KAZ,2002,26.476
KAZ,2003,28.375
KAZ,2004,30.043
KAZ,2005,35.623
KAZ,2006,44.579
KAZ,2007,46.983
KAZ,2008,47.037
KAZ,2009,40.929
KAZ,2010,40.657
KAZ,2011,42.242
KAZ,2012,48.614
KAZ,2013,52.449
KAZ,2014,56.620
KAZ,2015,59.288
KAZ,2016,61.223
KAZ,2017,64.672
KEN,1990,2.111
KEN,1991,1.960
KEN,1992,2.133
KEN,1993,2.355
KEN,1994,2.536
KEN,1995,2.834
KEN,1996,2.571
KEN,1997,2.605
KEN,1998,3.664
KEN,1999,3.225
KEN,2000,2.788
KEN,2001,2.891
KEN,2002,2.022
KEN,2003,2.587
KEN,2004,2.920
KEN,2005,3.315
KEN,2006,3.761
KEN,2007,3.865
KEN,2008,4.044
KEN,2009,5.034
KEN,2010,4.801
KEN,2011,5.280
KEN,2012,5.238
KEN,2013,6.135
KEN,2014,6.416
KEN,2015,6.809
KEN,2016,7.023
KEN,2017,7.439
KGZ,1990,4.912
KGZ,1991,4.826
KGZ,1992,3.978
KGZ,1993,3.113
KGZ,1994,2.581
KGZ,1995,2.699
KGZ,1996,2.276
KGZ,1997,1.396
KGZ,1998,2.798
KGZ,1999,1.498
KGZ,2000,1.276
KGZ,2001,1.071
KGZ,2002,1.253
KGZ,2003,1.566
KGZ,2004,1.736
KGZ,2005,2.036
KGZ,2006,2.647
KGZ,2007,1.964
KGZ,2008,2.111
KGZ,2009,3.488
KGZ,2010,3.205
KGZ,2011,3.488
KGZ,2012,4.315
KGZ,2013,4.357
KGZ,2014,4.531
KGZ,2015,4.554
KGZ,2016,4.383
KGZ,2017,4.461
KHM,1990,0.489
KHM,1991,0.506
KHM,1992,0.533
KHM,1993,0.557
KHM,1994,0.594
KHM,1995,0.594
KHM,1996,0.643
KHM,1997,0.634
KHM,1998,0.771
KHM,1999,0.721
KHM,2000,0.745
KHM,2001,0.906
KHM,2002,0.728
KHM,2003,1.242
KHM,2004,1.287
KHM,2005,1.584
KHM,2006,1.764
KHM,2007,1.940
KHM,2008,2.124
KHM,2009,2.195
KHM,2010,2.693
KHM,2011,2.879
KHM,2012,2.884
KHM,2013,3.491
KHM,2014,3.732
KHM,2015,4.079
KHM,2016,4.278
KHM,2017,4.420
KOR,1990,86.854
KOR,1991,94.132
KOR,1992,97.658
KOR,1993,108.874
KOR,1994,115.968
KOR,1995,124.323
KOR,1996,134.215
KOR,1997,138.995
KOR,1998,104.356
KOR,1999,122.154
KOR,2000,136.723
KOR,2001,132.673
KOR,2002,141.015
KOR,2003,138.797
KOR,2004,141.988
KOR,2005,142.556
KOR,2006,148.263
KOR,2007,154.353
KOR,2008,162.926
KOR,2009,150.738
KOR,2010,168.698
KOR,2011,173.562
KOR,2012,169.531
KOR,2013,170.141
KOR,2014,171.240
KOR,2015,172.158
KOR,2016,175.255
KOR,2017,182.621
KP Annex B,1990,4118.646
KP Annex B,1991,4023.057
KP Annex B,1992,3911.206
KP Annex B,1993,3882.408
KP Annex B,1994,3847.291
KP Annex B,1995,3881.366
KP Annex B,1996,3956.579
KP Annex B,1997,3933.882
KP Annex B,1998,3955.741
KP Annex B,1999,4016.170
KP Annex B,2000,4106.606
KP Annex B,2001,4097.886
KP Annex B,2002,4142.059
KP Annex B,2003,4188.552
KP Annex B,2004,4275.207
KP Annex B,2005,4297.180
KP Annex B,2006,4347.150
KP Annex B,2007,4379.782
KP Annex B,2008,4274.305
KP Annex B,2009,3955.243
KP Annex B,2010,4102.490
KP Annex B,2011,4115.557
KP Annex B,2012,4027.549
KP Annex B,2013,4000.788
KP Annex B,2014,3951.831
KP Annex B,2015,3881.150
KP Annex B,2016,3831.920
KP Annex B,2017,3848.742
KWT,1990,9.858
KWT,1991,6.114
KWT,1992,8.488
KWT,1993,12.148
KWT,1994,13.284
KWT,1995,13.044
KWT,1996,11.042
KWT,1997,12.060
KWT,1998,13.849
KWT,1999,10.779
KWT,2000,6.775
KWT,2001,8.358
KWT,2002,8.949
KWT,2003,12.776
KWT,2004,13.599
KWT,2005,15.505
KWT,2006,16.953
KWT,2007,18.636
KWT,2008,20.362
KWT,2009,19.259
KWT,2010,20.525
KWT,2011,19.826
KWT,2012,21.496
KWT,2013,22.782
KWT,2014,21.611
KWT,2015,22.494
KWT,2016,23.729
KWT,2017,23.480
LAO,1990,0.209
LAO,1991,0.226
LAO,1992,0.239
LAO,1993,0.250
LAO,1994,0.267
LAO,1995,0.299
LAO,1996,0.308
LAO,1997,0.296
LAO,1998,0.309
LAO,1999,0.295
LAO,2000,0.461
LAO,2001,0.407
LAO,2002,0.467
LAO,2003,0.439
LAO,2004,0.463
LAO,2005,0.466
LAO,2006,0.652
LAO,2007,0.699
LAO,2008,0.811
LAO,2009,1.033
LAO,2010,1.155
LAO,2011,1.361
LAO,2012,1.568
LAO,2013,2.019
LAO,2014,2.091
LAO,2015,2.887
LAO,2016,4.402
LAO,2017,4.492
LKA,1990,1.642
LKA,1991,1.781
LKA,1992,2.046
LKA,1993,2.102
LKA,1994,2.282
LKA,1995,2.473
LKA,1996,2.811
LKA,1997,2.787
LKA,1998,3.062
LKA,1999,3.774
LKA,2000,4.046
LKA,2001,4.313
LKA,2002,4.761
LKA,2003,4.594
LKA,2004,4.893
LKA,2005,5.115
LKA,2006,4.957
LKA,2007,4.928
LKA,2008,5.390
LKA,2009,5.428
LKA,2010,5.694
LKA,2011,6.996
LKA,2012,7.450
LKA,2013,7.234
LKA,2014,8.060
LKA,2015,8.410
LKA,2016,9.178
LKA,2017,9.629
LTU,1990,11.609
LTU,1991,14.005
LTU,1992,9.456
LTU,1993,6.715
LTU,1994,7.141
LTU,1995,7.298
LTU,1996,6.432
LTU,1997,6.054
LTU,1998,5.733
LTU,1999,5.003
LTU,2000,4.548
LTU,2001,4.648
LTU,2002,5.673
LTU,2003,5.482
LTU,2004,5.542
LTU,2005,5.669
LTU,2006,6.387
LTU,2007,6.760
LTU,2008,6.473
LTU,2009,5.620
LTU,2010,5.669
LTU,2011,6.427
LTU,2012,6.050
LTU,2013,5.988
LTU,2014,5.926
LTU,2015,6.082
LTU,2016,6.164
LTU,2017,6.270
LUX,1990,3.234
LUX,1991,3.402
LUX,1992,3.335
LUX,1993,3.374
LUX,1994,3.153
LUX,1995,2.500
LUX,1996,2.513
LUX,1997,2.338
LUX,1998,2.098
LUX,1999,2.166
LUX,2000,1.958
LUX,2001,2.104
LUX,2002,2.291
LUX,2003,2.802
LUX,2004,3.400
LUX,2005,3.729
LUX,2006,4.493
LUX,2007,2.966
LUX,2008,6.569
LUX,2009,6.861
LUX,2010,6.633
LUX,2011,2.824
LUX,2012,6.449
LUX,2013,6.372
LUX,2014,6.178
LUX,2015,6.385
LUX,2016,6.291
LUX,2017,6.426
LVA,1990,6.160
LVA,1991,6.068
LVA,1992,4.382
LVA,1993,3.880
LVA,1994,3.603
LVA,1995,3.319
LVA,1996,3.788
LVA,1997,3.818
LVA,1998,3.667
LVA,1999,3.058
LVA,2000,2.996
LVA,2001,3.092
LVA,2002,2.994
LVA,2003,3.861
LVA,2004,3.833
LVA,2005,3.416
LVA,2006,3.937
LVA,2007,4.336
LVA,2008,4.138
LVA,2009,3.564
LVA,2010,3.548
LVA,2011,3.442
LVA,2012,3.557
LVA,2013,3.468
LVA,2014,3.377
LVA,2015,3.381
LVA,2016,3.418
LVA,2017,3.517
MAR,1990,8.774
MAR,1991,9.376
MAR,1992,9.100
MAR,1993,9.636
MAR,1994,10.136
MAR,1995,10.431
MAR,1996,9.525
MAR,1997,9.242
MAR,1998,10.030
MAR,1999,10.701
MAR,2000,11.081
MAR,2001,11.891
MAR,2002,13.003
MAR,2003,11.470
MAR,2004,13.014
MAR,2005,13.682
MAR,2006,14.361
MAR,2007,15.070
MAR,2008,16.652
MAR,2009,15.885
MAR,2010,16.732
MAR,2011,17.223
MAR,2012,17.601
MAR,2013,17.398
MAR,2014,17.466
MAR,2015,17.639
MAR,2016,17.513
MAR,2017,18.144
MDG,1990,0.378
MDG,1991,0.406
MDG,1992,0.400
MDG,1993,0.421
MDG,1994,0.492
MDG,1995,0.515
MDG,1996,0.441
MDG,1997,0.523
MDG,1998,0.658
MDG,1999,0.747
MDG,2000,0.644
MDG,2001,0.649
MDG,2002,0.459
MDG,2003,0.817
MDG,2004,0.711
MDG,2005,0.894
MDG,2006,0.747
MDG,2007,0.828
MDG,2008,1.027
MDG,2009,0.999
MDG,2010,0.936
MDG,2011,1.025
MDG,2012,1.162
MDG,2013,1.298
MDG,2014,1.358
MDG,2015,1.393
MDG,2016,1.432
MDG,2017,1.550
MEX,1990,87.817
MEX,1991,91.625
MEX,1992,92.715
MEX,1993,93.386
MEX,1994,96.365
MEX,1995,88.240
MEX,1996,93.279
MEX,1997,102.511
MEX,1998,109.683
MEX,1999,110.135
MEX,2000,114.994
MEX,2001,117.213
MEX,2002,118.552
MEX,2003,126.758
MEX,2004,125.115
MEX,2005,134.886
MEX,2006,138.935
MEX,2007,134.395
MEX,2008,138.755
MEX,2009,135.953
MEX,2010,134.401
MEX,2011,137.476
MEX,2012,146.321
MEX,2013,146.106
MEX,2014,143.877
MEX,2015,140.772
MEX,2016,139.923
MEX,2017,141.277
MLT,1990,0.727
MLT,1991,0.787
MLT,1992,0.806
MLT,1993,0.827
MLT,1994,0.880
MLT,1995,0.913
MLT,1996,0.918
MLT,1997,0.881
MLT,1998,1.189
MLT,1999,1.012
MLT,2000,1.121
MLT,2001,1.230
MLT,2002,0.962
MLT,2003,1.372
MLT,2004,0.858
MLT,2005,1.164
MLT,2006,1.328
MLT,2007,0.923
MLT,2008,1.422
MLT,2009,1.447
MLT,2010,1.333
MLT,2011,1.515
MLT,2012,1.807
MLT,2013,1.377
MLT,2014,1.393
MLT,2015,1.356
MLT,2016,1.314
MLT,2017,1.377
MNG,1990,2.471
MNG,1991,3.036
MNG,1992,2.474
MNG,1993,1.985
MNG,1994,1.788
MNG,1995,1.864
MNG,1996,2.131
MNG,1997,1.876
MNG,1998,1.865
MNG,1999,1.835
MNG,2000,1.876
MNG,2001,1.910
MNG,2002,2.006
MNG,2003,2.229
MNG,2004,2.296
MNG,2005,2.359
MNG,2006,2.716
MNG,2007,3.342
MNG,2008,3.509
MNG,2009,3.665
MNG,2010,3.979
MNG,2011,6.370
MNG,2012,9.571
MNG,2013,11.333
MNG,2014,7.600
MNG,2015,6.221
MNG,2016,6.474
MNG,2017,6.694
MOZ,1990,0.926
MOZ,1991,0.938
MOZ,1992,0.922
MOZ,1993,1.029
MOZ,1994,1.048
MOZ,1995,1.147
MOZ,1996,0.734
MOZ,1997,0.558
MOZ,1998,0.934
MOZ,1999,1.262
MOZ,2000,1.330
MOZ,2001,1.214
MOZ,2002,1.227
MOZ,2003,1.257
MOZ,2004,1.220
MOZ,2005,1.390
MOZ,2006,1.723
MOZ,2007,1.973
MOZ,2008,2.172
MOZ,2009,2.605
MOZ,2010,2.426
MOZ,2011,2.762
MOZ,2012,2.922
MOZ,2013,3.618
MOZ,2014,4.705
MOZ,2015,4.174
MOZ,2016,4.521
MOZ,2017,4.472
MUS,1990,0.754
MUS,1991,0.790
MUS,1992,0.827
MUS,1993,0.892
MUS,1994,0.892
MUS,1995,0.993
MUS,1996,1.116
MUS,1997,1.130
MUS,1998,1.078
MUS,1999,1.149
MUS,2000,1.243
MUS,2001,1.182
MUS,2002,1.229
MUS,2003,1.312
MUS,2004,1.362
MUS,2005,1.270
MUS,2006,1.385
MUS,2007,1.334
MUS,2008,1.411
MUS,2009,1.389
MUS,2010,1.357
MUS,2011,1.476
MUS,2012,1.426
MUS,2013,1.448
MUS,2014,1.464
MUS,2015,1.464
MUS,2016,1.517
MUS,2017,1.638
MWI,1990,0.427
MWI,1991,0.446
MWI,1992,0.447
MWI,1993,0.504
MWI,1994,0.524
MWI,1995,0.553
MWI,1996,0.609
MWI,1997,0.635
MWI,1998,0.624
MWI,1999,0.626
MWI,2000,0.567
MWI,2001,0.521
MWI,2002,0.617
MWI,2003,0.588
MWI,2004,0.551
MWI,2005,0.581
MWI,2006,0.554
MWI,2007,0.551
MWI,2008,0.664
MWI,2009,0.766
MWI,2010,0.764
MWI,2011,0.714
MWI,2012,0.614
MWI,2013,0.869
MWI,2014,0.867
MWI,2015,0.862
MWI,2016,0.906
MWI,2017,0.932
MYS,1990,17.446
MYS,1991,19.921
MYS,1992,20.746
MYS,1993,23.873
MYS,1994,24.432
MYS,1995,28.521
MYS,1996,29.720
MYS,1997,32.037
MYS,1998,24.174
MYS,1999,26.861
MYS,2000,30.943
MYS,2001,32.333
MYS,2002,35.322
MYS,2003,37.454
MYS,2004,40.197
MYS,2005,42.138
MYS,2006,42.576
MYS,2007,43.570
MYS,2008,48.988
MYS,2009,47.444
MYS,2010,52.831
MYS,2011,54.680
MYS,2012,58.599
MYS,2013,65.311
MYS,2014,66.961
MYS,2015,66.123
MYS,2016,68.014
MYS,2017,68.388
Middle East,1990,224.075
Middle East,1991,249.614
Middle East,1992,260.778
Middle East,1993,278.882
Middle East,1994,288.698
Middle East,1995,282.468
Middle East,1996,286.264
Middle East,1997,286.563
Middle East,1998,305.715
Middle East,1999,267.324
Middle East,2000,287.966
Middle East,2001,298.730
Middle East,2002,309.489
Middle East,2003,383.135
Middle East,2004,422.432
Middle East,2005,447.887
Middle East,2006,482.503
Middle East,2007,506.696
Middle East,2008,545.755
Middle East,2009,547.591
Middle East,2010,579.980
Middle East,2011,596.146
Middle East,2012,631.322
Middle East,2013,644.143
Middle East,2014,675.469
Middle East,2015,674.759
Middle East,2016,684.108
Middle East,2017,701.107
NAM,1990,0.000
NAM,1991,0.288
NAM,1992,0.314
NAM,1993,0.379
NAM,1994,0.429
NAM,1995,0.442
NAM,1996,0.470
NAM,1997,0.483
NAM,1998,0.496
NAM,1999,0.454
NAM,2000,1.619
NAM,2001,1.763
NAM,2002,0.401
NAM,2003,1.310
NAM,2004,1.706
NAM,2005,1.645
NAM,2006,1.604
NAM,2007,1.833
NAM,2008,2.083
NAM,2009,1.226
NAM,2010,1.163
NAM,2011,1.096
NAM,2012,1.447
NAM,2013,2.157
NAM,2014,2.528
NAM,2015,2.546
NAM,2016,2.628
NAM,2017,2.607
NGA,1990,8.953
NGA,1991,9.945
NGA,1992,11.546
NGA,1993,11.241
NGA,1994,9.298
NGA,1995,9.172
NGA,1996,10.206
NGA,1997,12.598
NGA,1998,11.346
NGA,1999,9.075
NGA,2000,15.776
NGA,2001,21.346
NGA,2002,21.807
NGA,2003,24.089
NGA,2004,23.645
NGA,2005,24.962
NGA,2006,16.935
NGA,2007,23.351
NGA,2008,22.394
NGA,2009,22.545
NGA,2010,25.061
NGA,2011,26.514
NGA,2012,24.053
NGA,2013,30.292
NGA,2014,29.361
NGA,2015,27.054
NGA,2016,25.950
NGA,2017,25.763
NIC,1990,0.670
NIC,1991,0.686
NIC,1992,0.785
NIC,1993,0.766
NIC,1994,0.835
NIC,1995,0.896
NIC,1996,0.905
NIC,1997,1.023
NIC,1998,1.128
NIC,1999,1.198
NIC,2000,1.224
NIC,2001,1.301
NIC,2002,1.355
NIC,2003,1.506
NIC,2004,1.474
NIC,2005,1.500
NIC,2006,1.541
NIC,2007,1.615
NIC,2008,1.498
NIC,2009,1.560
NIC,2010,1.598
NIC,2011,1.692
NIC,2012,1.749
NIC,2013,1.582
NIC,2014,1.642
NIC,2015,1.802
NIC,2016,1.857
NIC,2017,1.846
NLD,1990,57.049
NLD,1991,60.232
NLD,1992,58.575
NLD,1993,59.112
NLD,1994,59.479
NLD,1995,61.170
NLD,1996,60.552
NLD,1997,58.817
NLD,1998,60.787
NLD,1999,53.953
NLD,2000,54.176
NLD,2001,53.284
NLD,2002,54.819
NLD,2003,52.760
NLD,2004,52.918
NLD,2005,52.984
NLD,2006,58.156
NLD,2007,48.528
NLD,2008,49.545
NLD,2009,48.514
NLD,2010,50.146
NLD,2011,46.564
NLD,2012,45.323
NLD,2013,44.305
NLD,2014,43.091
NLD,2015,43.057
NLD,2016,42.438
NLD,2017,42.432
NOR,1990,10.147
NOR,1991,10.563
NOR,1992,10.199
NOR,1993,10.640
NOR,1994,11.123
NOR,1995,11.562
NOR,1996,12.329
NOR,1997,12.466
NOR,1998,12.902
NOR,1999,9.071
NOR,2000,8.624
NOR,2001,8.378
NOR,2002,9.287
NOR,2003,10.811
NOR,2004,11.025
NOR,2005,12.033
NOR,2006,13.373
NOR,2007,14.663
NOR,2008,14.411
NOR,2009,13.328
NOR,2010,13.937
NOR,2011,14.279
NOR,2012,14.032
NOR,2013,13.661
NOR,2014,13.554
NOR,2015,13.394
NOR,2016,13.298
NOR,2017,13.484
NPL,1990,0.319
NPL,1991,0.413
NPL,1992,0.470
NPL,1993,0.528
NPL,1994,0.603
NPL,1995,0.786
NPL,1996,0.807
NPL,1997,0.856
NPL,1998,1.144
NPL,1999,1.722
NPL,2000,1.069
NPL,2001,1.101
NPL,2002,1.036
NPL,2003,1.361
NPL,2004,1.157
NPL,2005,1.237
NPL,2006,1.151
NPL,2007,1.248
NPL,2008,1.492
NPL,2009,2.101
NPL,2010,2.618
NPL,2011,2.798
NPL,2012,2.801
NPL,2013,3.479
NPL,2014,3.886
NPL,2015,3.358
NPL,2016,4.080
NPL,2017,4.182
NZL,1990,7.258
NZL,1991,7.377
NZL,1992,7.825
NZL,1993,7.837
NZL,1994,7.901
NZL,1995,8.336
NZL,1996,8.793
NZL,1997,9.283
NZL,1998,8.606
NZL,1999,9.849
NZL,2000,9.671
NZL,2001,9.997
NZL,2002,10.243
NZL,2003,10.500
NZL,2004,10.895
NZL,2005,11.334
NZL,2006,10.774
NZL,2007,10.977
NZL,2008,11.374
NZL,2009,9.916
NZL,2010,10.088
NZL,2011,10.445
NZL,2012,10.716
NZL,2013,10.741
NZL,2014,10.868
NZL,2015,10.789
NZL,2016,10.551
NZL,2017,10.984
Non KP Annex B,1990,1928.802
Non KP Annex B,1991,2027.863
Non KP Annex B,1992,2070.845
Non KP Annex B,1993,2165.530
Non KP Annex B,1994,2238.188
Non KP Annex B,1995,2329.993
Non KP Annex B,1996,2438.937
Non KP Annex B,1997,2489.594
Non KP Annex B,1998,2432.350
Non KP Annex B,1999,2448.904
Non KP Annex B,2000,2546.290
Non KP Annex B,2001,2613.534
Non KP Annex B,2002,2715.896
Non KP Annex B,2003,3000.864
Non KP Annex B,2004,3242.915
Non KP Annex B,2005,3471.949
Non KP Annex B,2006,3673.463
Non KP Annex B,2007,3872.683
Non KP Annex B,2008,4166.260
Non KP Annex B,2009,4371.595
Non KP Annex B,2010,4649.651
Non KP Annex B,2011,4934.466
Non KP Annex B,2012,5167.325
Non KP Annex B,2013,5234.784
Non KP Annex B,2014,5354.021
Non KP Annex B,2015,5417.601
Non KP Annex B,2016,5492.781
Non KP Annex B,2017,5587.957
Non-OECD,1990,2524.919
Non-OECD,1991,2486.608
Non-OECD,1992,2447.563
Non-OECD,1993,2471.366
Non-OECD,1994,2439.471
Non-OECD,1995,2497.433
Non-OECD,1996,2603.728
Non-OECD,1997,2595.366
Non-OECD,1998,2534.160
Non-OECD,1999,2554.726
Non-OECD,2000,2623.423
Non-OECD,2001,2726.852
Non-OECD,2002,2806.455
Non-OECD,2003,3086.826
Non-OECD,2004,3317.344
Non-OECD,2005,3546.455
Non-OECD,2006,3744.642
Non-OECD,2007,3947.473
Non-OECD,2008,4240.342
Non-OECD,2009,4412.517
Non-OECD,2010,4689.855
Non-OECD,2011,4989.817
Non-OECD,2012,5221.588
Non-OECD,2013,5269.186
Non-OECD,2014,5379.407
Non-OECD,2015,5425.567
Non-OECD,2016,5489.756
Non-OECD,2017,5574.539
North America,1990,1609.320
North America,1991,1601.688
North America,1992,1625.159
North America,1993,1659.967
North America,1994,1695.074
North America,1995,1709.216
North America,1996,1763.715
North America,1997,1807.474
North America,1998,1858.611
North America,1999,1910.463
North America,2000,1982.001
North America,2001,1955.454
North America,2002,1991.370
North America,2003,2013.384
North America,2004,2062.642
North America,2005,2082.056
North America,2006,2082.799
North America,2007,2096.107
North America,2008,2024.844
North America,2009,1879.804
North America,2010,1945.575
North America,2011,1930.250
North America,2012,1889.316
North America,2013,1921.881
North America,2014,1932.012
North America,2015,1887.753
North America,2016,1852.839
North America,2017,1855.393
OECD,1990,3521.823
OECD,1991,3563.566
OECD,1992,3533.732
OECD,1993,3575.787
OECD,1994,3645.231
OECD,1995,3713.098
OECD,1996,3790.907
OECD,1997,3827.297
OECD,1998,3852.892
OECD,1999,3909.486
OECD,2000,4028.541
OECD,2001,3983.592
OECD,2002,4050.668
OECD,2003,4101.640
OECD,2004,4199.768
OECD,2005,4221.569
OECD,2006,4274.743
OECD,2007,4303.824
OECD,2008,4199.094
OECD,2009,3913.409
OECD,2010,4061.290
OECD,2011,4059.264
OECD,2012,3972.340
OECD,2013,3965.572
OECD,2014,3925.630
OECD,2015,3872.370
OECD,2016,3834.151
OECD,2017,3861.339
OMN,1990,3.074
OMN,1991,3.240
OMN,1992,3.312
OMN,1993,3.726
OMN,1994,4.140
OMN,1995,4.260
OMN,1996,4.212
OMN,1997,4.254
OMN,1998,4.578
OMN,1999,4.164
OMN,2000,4.478
OMN,2001,4.309
OMN,2002,5.163
OMN,2003,6.695
OMN,2004,5.720
OMN,2005,5.944
OMN,2006,9.313
OMN,2007,10.563
OMN,2008,11.125
OMN,2009,11.366
OMN,2010,11.222
OMN,2011,12.454
OMN,2012,16.031
OMN,2013,16.975
OMN,2014,16.824
OMN,2015,17.408
OMN,2016,17.414
OMN,2017,16.962
Oceania,1990,72.987
Oceania,1991,72.664
Oceania,1992,73.970
Oceania,1993,74.217
Oceania,1994,76.203
Oceania,1995,78.259
Oceania,1996,79.887
Oceania,1997,82.831
Oceania,1998,86.095
Oceania,1999,86.828
Oceania,2000,86.379
Oceania,2001,87.988
Oceania,2002,92.563
Oceania,2003,95.190
Oceania,2004,100.492
Oceania,2005,102.910
Oceania,2006,107.727
Oceania,2007,111.251
Oceania,2008,115.286
Oceania,2009,116.750
Oceania,2010,118.859
Oceania,2011,121.990
Oceania,2012,124.827
Oceania,2013,119.619
Oceania,2014,118.159
Oceania,2015,117.732
Oceania,2016,117.769
Oceania,2017,119.779
PAK,1990,19.871
PAK,1991,19.548
PAK,1992,20.696
PAK,1993,22.301
PAK,1994,24.241
PAK,1995,24.418
PAK,1996,27.584
PAK,1997,27.205
PAK,1998,27.456
PAK,1999,30.330
PAK,2000,31.681
PAK,2001,31.598
PAK,2002,33.843
PAK,2003,33.604
PAK,2004,37.690
PAK,2005,40.506
PAK,2006,42.341
PAK,2007,44.635
PAK,2008,44.803
PAK,2009,44.972
PAK,2010,46.988
PAK,2011,47.782
PAK,2012,48.522
PAK,2013,49.508
PAK,2014,51.743
PAK,2015,53.430
PAK,2016,56.738
PAK,2017,61.017
PAN,1990,0.694
PAN,1991,0.700
PAN,1992,0.900
PAN,1993,0.949
PAN,1994,1.048
PAN,1995,0.873
PAN,1996,1.193
PAN,1997,1.432
PAN,1998,1.607
PAN,1999,1.733
PAN,2000,1.602
PAN,2001,1.723
PAN,2002,1.711
PAN,2003,0.492
PAN,2004,0.509
PAN,2005,0.251
PAN,2006,0.215
PAN,2007,0.310
PAN,2008,1.432
PAN,2009,4.231
PAN,2010,6.081
PAN,2011,4.027
PAN,2012,6.625
PAN,2013,5.731
PAN,2014,6.022
PAN,2015,5.918
PAN,2016,5.827
PAN,2017,6.007
PER,1990,6.145
PER,1991,5.967
PER,1992,5.963
PER,1993,6.827
PER,1994,6.843
PER,1995,7.156
PER,1996,7.149
PER,1997,8.162
PER,1998,8.367
PER,1999,8.993
PER,2000,9.132
PER,2001,8.173
PER,2002,8.527
PER,2003,7.477
PER,2004,8.374
PER,2005,9.516
PER,2006,8.615
PER,2007,10.080
PER,2008,12.979
PER,2009,13.858
PER,2010,16.557
PER,2011,15.293
PER,2012,17.083
PER,2013,15.722
PER,2014,16.972
PER,2015,17.035
PER,2016,17.762
PER,2017,16.984
PHL,1990,15.718
PHL,1991,16.994
PHL,1992,17.493
PHL,1993,17.950
PHL,1994,19.336
PHL,1995,20.881
PHL,1996,21.162
PHL,1997,23.784
PHL,1998,22.368
PHL,1999,23.482
PHL,2000,25.206
PHL,2001,24.597
PHL,2002,23.814
PHL,2003,25.255
PHL,2004,24.760
PHL,2005,25.453
PHL,2006,23.339
PHL,2007,24.567
PHL,2008,26.655
PHL,2009,25.909
PHL,2010,28.231
PHL,2011,28.870
PHL,2012,30.720
PHL,2013,33.842
PHL,2014,35.127
PHL,2015,37.509
PHL,2016,38.292
PHL,2017,40.612
POL,1990,98.686
POL,1991,99.374
POL,1992,92.580
POL,1993,92.397
POL,1994,90.083
POL,1995,88.597
POL,1996,89.144
POL,1997,87.378
POL,1998,80.031
POL,1999,82.120
POL,2000,77.788
POL,2001,76.775
POL,2002,75.406
POL,2003,76.325
POL,2004,78.679
POL,2005,77.541
POL,2006,82.157
POL,2007,85.027
POL,2008,84.688
POL,2009,82.967
POL,2010,87.185
POL,2011,88.014
POL,2012,86.178
POL,2013,83.593
POL,2014,80.588
POL,2015,80.681
POL,2016,81.523
POL,2017,83.781
PRT,1990,14.613
PRT,1991,15.319
PRT,1992,16.211
PRT,1993,16.125
PRT,1994,16.555
PRT,1995,17.712
PRT,1996,16.931
PRT,1997,18.238
PRT,1998,19.638
PRT,1999,20.832
PRT,2000,21.883
PRT,2001,21.432
PRT,2002,22.330
PRT,2003,21.412
PRT,2004,22.497
PRT,2005,23.527
PRT,2006,22.027
PRT,2007,20.683
PRT,2008,20.228
PRT,2009,18.437
PRT,2010,17.876
PRT,2011,17.113
PRT,2012,15.673
PRT,2013,15.085
PRT,2014,15.077
PRT,2015,15.701
PRT,2016,15.593
PRT,2017,16.550
PRY,1990,0.957
PRY,1991,0.959
PRY,1992,1.096
PRY,1993,1.155
PRY,1994,1.299
PRY,1995,1.446
PRY,1996,1.380
PRY,1997,1.557
PRY,1998,1.559
PRY,1999,1.546
PRY,2000,1.365
PRY,2001,1.371
PRY,2002,1.202
PRY,2003,1.297
PRY,2004,1.369
PRY,2005,1.358
PRY,2006,1.482
PRY,2007,1.570
PRY,2008,1.939
PRY,2009,1.894
PRY,2010,2.260
PRY,2011,2.221
PRY,2012,2.341
PRY,2013,2.405
PRY,2014,2.487
PRY,2015,2.586
PRY,2016,2.787
PRY,2017,2.815
QAT,1990,2.810
QAT,1991,4.034
QAT,1992,5.696
QAT,1993,6.593
QAT,1994,6.554
QAT,1995,6.925
QAT,1996,7.137
QAT,1997,7.707
QAT,1998,6.678
QAT,1999,3.526
QAT,2000,4.198
QAT,2001,5.275
QAT,2002,5.630
QAT,2003,6.835
QAT,2004,6.326
QAT,2005,8.117
QAT,2006,9.366
QAT,2007,10.282
QAT,2008,12.233
QAT,2009,13.996
QAT,2010,14.707
QAT,2011,15.012
QAT,2012,18.279
QAT,2013,16.865
QAT,2014,20.752
QAT,2015,21.004
QAT,2016,21.271
QAT,2017,22.468
ROU,1990,44.959
ROU,1991,38.621
ROU,1992,34.827
ROU,1993,32.406
ROU,1994,31.599
ROU,1995,32.398
ROU,1996,31.854
ROU,1997,29.165
ROU,1998,25.977
ROU,1999,23.054
ROU,2000,24.270
ROU,2001,25.618
ROU,2002,25.836
ROU,2003,26.795
ROU,2004,27.415
ROU,2005,27.676
ROU,2006,30.501
ROU,2007,29.505
ROU,2008,30.934
ROU,2009,24.947
ROU,2010,24.643
ROU,2011,25.483
ROU,2012,24.120
ROU,2013,21.148
ROU,2014,20.986
ROU,2015,21.140
ROU,2016,20.614
ROU,2017,20.645
RUS,1990,663.317
RUS,1991,553.000
RUS,1992,466.891
RUS,1993,434.008
RUS,1994,368.198
RUS,1995,353.275
RUS,1996,360.609
RUS,1997,329.746
RUS,1998,312.034
RUS,1999,326.594
RUS,2000,330.763
RUS,2001,341.890
RUS,2002,333.761
RUS,2003,344.065
RUS,2004,343.202
RUS,2005,352.801
RUS,2006,358.319
RUS,2007,369.444
RUS,2008,381.068
RUS,2009,342.927
RUS,2010,365.742
RUS,2011,388.074
RUS,2012,400.508
RUS,2013,384.668
RUS,2014,383.724
RUS,2015,375.160
RUS,2016,369.775
RUS,2017,374.634
RWA,1990,0.143
RWA,1991,0.129
RWA,1992,0.131
RWA,1993,0.132
RWA,1994,0.126
RWA,1995,0.124
RWA,1996,0.127
RWA,1997,0.131
RWA,1998,0.131
RWA,1999,0.137
RWA,2000,0.142
RWA,2001,0.142
RWA,2002,0.142
RWA,2003,0.139
RWA,2004,0.141
RWA,2005,0.140
RWA,2006,0.140
RWA,2007,0.148
RWA,2008,0.144
RWA,2009,0.152
RWA,2010,0.156
RWA,2011,0.177
RWA,2012,0.196
RWA,2013,0.213
RWA,2014,0.222
RWA,2015,0.253
RWA,2016,0.286
RWA,2017,0.298
SAU,1990,40.210
SAU,1991,56.981
SAU,1992,60.121
SAU,1993,67.767
SAU,1994,66.602
SAU,1995,51.868
SAU,1996,56.837
SAU,1997,47.872
SAU,1998,49.808
SAU,1999,36.875
SAU,2000,44.287
SAU,2001,45.738
SAU,2002,54.209
SAU,2003,76.553
SAU,2004,90.758
SAU,2005,93.940
SAU,2006,106.715
SAU,2007,98.508
SAU,2008,112.318
SAU,2009,118.768
SAU,2010,132.991
SAU,2011,130.184
SAU,2012,144.994
SAU,2013,147.936
SAU,2014,163.550
SAU,2015,167.781
SAU,2016,167.101
SAU,2017,169.165
SEN,1990,0.874
SEN,1991,0.937
SEN,1992,0.967
SEN,1993,1.002
SEN,1994,1.060
SEN,1995,0.989
SEN,1996,1.163
SEN,1997,1.095
SEN,1998,1.143
SEN,1999,1.243
SEN,2000,1.240
SEN,2001,1.416
SEN,2002,1.692
SEN,2003,1.599
SEN,2004,1.659
SEN,2005,1.886
SEN,2006,1.676
SEN,2007,1.810
SEN,2008,1.895
SEN,2009,1.615
SEN,2010,2.212
SEN,2011,2.395
SEN,2012,2.495
SEN,2013,2.574
SEN,2014,2.781
SEN,2015,2.956
SEN,2016,3.011
SEN,2017,3.227
SGP,1990,18.279
SGP,1991,19.790
SGP,1992,20.942
SGP,1993,22.434
SGP,1994,24.404
SGP,1995,23.727
SGP,1996,27.372
SGP,1997,29.890
SGP,1998,24.216
SGP,1999,27.806
SGP,2000,32.085
SGP,2001,28.204
SGP,2002,28.403
SGP,2003,27.930
SGP,2004,28.588
SGP,2005,35.010
SGP,2006,41.043
SGP,2007,25.864
SGP,2008,29.697
SGP,2009,29.102
SGP,2010,31.360
SGP,2011,30.031
SGP,2012,32.906
SGP,2013,32.880
SGP,2014,33.238
SGP,2015,33.000
SGP,2016,30.832
SGP,2017,31.830
SLV,1990,1.032
SLV,1991,1.224
SLV,1992,1.292
SLV,1993,1.449
SLV,1994,1.625
SLV,1995,1.781
SLV,1996,1.658
SLV,1997,2.017
SLV,1998,2.295
SLV,1999,2.149
SLV,2000,2.157
SLV,2001,2.410
SLV,2002,2.494
SLV,2003,2.507
SLV,2004,2.430
SLV,2005,2.379
SLV,2006,2.454
SLV,2007,2.477
SLV,2008,2.443
SLV,2009,2.206
SLV,2010,2.258
SLV,2011,2.394
SLV,2012,2.386
SLV,2013,2.332
SLV,2014,2.374
SLV,2015,2.478
SLV,2016,2.537
SLV,2017,2.539
SVK,1990,20.790
SVK,1991,17.838
SVK,1992,14.024
SVK,1993,13.529
SVK,1994,12.496
SVK,1995,13.162
SVK,1996,13.604
SVK,1997,13.828
SVK,1998,13.533
SVK,1999,12.052
SVK,2000,11.947
SVK,2001,12.666
SVK,2002,12.584
SVK,2003,12.249
SVK,2004,12.270
SVK,2005,12.309
SVK,2006,13.093
SVK,2007,13.293
SVK,2008,14.114
SVK,2009,12.861
SVK,2010,13.417
SVK,2011,13.574
SVK,2012,12.618
SVK,2013,12.887
SVK,2014,12.539
SVK,2015,12.791
SVK,2016,12.907
SVK,2017,13.249
SVN,1990,4.217
SVN,1991,4.362
SVN,1992,4.393
SVN,1993,4.526
SVN,1994,4.571
SVN,1995,4.873
SVN,1996,4.853
SVN,1997,4.976
SVN,1998,5.070
SVN,1999,4.737
SVN,2000,4.942
SVN,2001,4.979
SVN,2002,5.066
SVN,2003,5.055
SVN,2004,5.049
SVN,2005,5.185
SVN,2006,5.679
SVN,2007,5.825
SVN,2008,5.929
SVN,2009,5.416
SVN,2010,5.631
SVN,2011,6.110
SVN,2012,5.247
SVN,2013,5.169
SVN,2014,4.862
SVN,2015,4.930
SVN,2016,5.054
SVN,2017,5.093
SWE,1990,21.281
SWE,1991,22.382
SWE,1992,21.920
SWE,1993,21.818
SWE,1994,22.626
SWE,1995,22.752
SWE,1996,24.143
SWE,1997,22.798
SWE,1998,23.184
SWE,1999,21.837
SWE,2000,22.112
SWE,2001,21.320
SWE,2002,21.938
SWE,2003,23.103
SWE,2004,23.431
SWE,2005,22.950
SWE,2006,23.425
SWE,2007,24.229
SWE,2008,23.135
SWE,2009,20.373
SWE,2010,23.153
SWE,2011,21.960
SWE,2012,20.854
SWE,2013,19.940
SWE,2014,19.518
SWE,2015,19.371
SWE,2016,19.431
SWE,2017,19.644
South America,1990,156.873
South America,1991,160.926
South America,1992,163.871
South America,1993,171.304
South America,1994,175.871
South America,1995,185.081
South America,1996,194.141
South America,1997,208.223
South America,1998,220.061
South America,1999,196.895
South America,2000,195.666
South America,2001,195.965
South America,2002,187.815
South America,2003,200.673
South America,2004,208.063
South America,2005,221.747
South America,2006,230.449
South America,2007,243.746
South America,2008,273.701
South America,2009,265.672
South America,2010,299.884
South America,2011,309.069
South America,2012,329.637
South America,2013,342.945
South America,2014,352.723
South America,2015,341.848
South America,2016,329.197
South America,2017,329.385
Statistical Difference,1990,0.000
Statistical Difference,1991,130.438
Statistical Difference,1992,-0.001
Statistical Difference,1993,-0.000
Statistical Difference,1994,0.001
Statistical Difference,1995,-0.001
Statistical Difference,1996,0.000
Statistical Difference,1997,-0.000
Statistical Difference,1998,-0.000
Statistical Difference,1999,0.001
Statistical Difference,2000,0.000
Statistical Difference,2001,-0.001
Statistical Difference,2002,0.000
Statistical Difference,2003,-0.000
Statistical Difference,2004,0.001
Statistical Difference,2005,0.000
Statistical Difference,2006,-0.000
Statistical Difference,2007,0.000
Statistical Difference,2008,-0.000
Statistical Difference,2009,0.000
Statistical Difference,2010,0.000
Statistical Difference,2011,0.000
Statistical Difference,2012,-0.000
Statistical Difference,2013,-0.001
Statistical Difference,2014,-0.002
Statistical Difference,2015,0.000
Statistical Difference,2016,0.000
Statistical Difference,2017,-0.000
TGO,1990,0.340
TGO,1991,0.363
TGO,1992,0.372
TGO,1993,0.396
TGO,1994,0.392
TGO,1995,0.443
TGO,1996,0.448
TGO,1997,0.367
TGO,1998,0.509
TGO,1999,0.499
TGO,2000,0.395
TGO,2001,0.435
TGO,2002,0.485
TGO,2003,0.656
TGO,2004,0.647
TGO,2005,0.784
TGO,2006,0.846
TGO,2007,1.161
TGO,2008,1.005
TGO,2009,1.164
TGO,2010,1.251
TGO,2011,1.212
TGO,2012,2.138
TGO,2013,1.838
TGO,2014,1.901
TGO,2015,1.964
TGO,2016,1.974
TGO,2017,2.063
THA,1990,29.664
THA,1991,33.961
THA,1992,35.098
THA,1993,38.486
THA,1994,42.088
THA,1995,47.240
THA,1996,51.362
THA,1997,49.715
THA,1998,37.694
THA,1999,42.460
THA,2000,44.428
THA,2001,45.993
THA,2002,45.642
THA,2003,51.576
THA,2004,57.469
THA,2005,60.526
THA,2006,58.663
THA,2007,58.480
THA,2008,61.220
THA,2009,62.244
THA,2010,68.015
THA,2011,69.890
THA,2012,75.567
THA,2013,77.404
THA,2014,76.902
THA,2015,77.152
THA,2016,76.513
THA,2017,78.223
TTO,1990,3.571
TTO,1991,3.611
TTO,1992,3.972
TTO,1993,3.740
TTO,1994,3.592
TTO,1995,3.437
TTO,1996,4.285
TTO,1997,3.988
TTO,1998,4.233
TTO,1999,4.569
TTO,2000,4.284
TTO,2001,4.697
TTO,2002,5.476
TTO,2003,4.568
TTO,2004,4.418
TTO,2005,3.614
TTO,2006,1.948
TTO,2007,4.008
TTO,2008,3.721
TTO,2009,6.105
TTO,2010,6.307
TTO,2011,5.533
TTO,2012,5.770
TTO,2013,6.787
TTO,2014,8.516
TTO,2015,10.050
TTO,2016,10.427
TTO,2017,10.151
TUN,1990,3.753
TUN,1991,4.584
TUN,1992,4.347
TUN,1993,4.678
TUN,1994,4.502
TUN,1995,4.661
TUN,1996,5.339
TUN,1997,5.936
TUN,1998,5.326
TUN,1999,5.054
TUN,2000,5.787
TUN,2001,5.389
TUN,2002,5.555
TUN,2003,5.185
TUN,2004,5.475
TUN,2005,5.400
TUN,2006,5.685
TUN,2007,5.759
TUN,2008,6.421
TUN,2009,6.316
TUN,2010,6.844
TUN,2011,6.533
TUN,2012,6.403
TUN,2013,6.869
TUN,2014,7.077
TUN,2015,7.468
TUN,2016,7.452
TUN,2017,7.771
TUR,1990,60.952
TUR,1991,62.400
TUR,1992,58.707
TUR,1993,59.273
TUR,1994,57.721
TUR,1995,62.151
TUR,1996,60.027
TUR,1997,64.983
TUR,1998,65.004
TUR,1999,62.328
TUR,2000,70.581
TUR,2001,60.400
TUR,2002,65.417
TUR,2003,69.346
TUR,2004,76.244
TUR,2005,82.142
TUR,2006,87.239
TUR,2007,98.725
TUR,2008,97.187
TUR,2009,93.287
TUR,2010,99.715
TUR,2011,105.782
TUR,2012,108.462
TUR,2013,109.451
TUR,2014,112.548
TUR,2015,117.021
TUR,2016,122.747
TUR,2017,128.372
TWN,1990,44.547
TWN,1991,49.433
TWN,1992,49.171
TWN,1993,52.969
TWN,1994,55.952
TWN,1995,58.697
TWN,1996,56.349
TWN,1997,62.434
TWN,1998,61.985
TWN,1999,64.541
TWN,2000,69.401
TWN,2001,63.237
TWN,2002,71.429
TWN,2003,68.908
TWN,2004,76.985
TWN,2005,74.630
TWN,2006,72.568
TWN,2007,77.842
TWN,2008,73.017
TWN,2009,67.391
TWN,2010,75.643
TWN,2011,73.837
TWN,2012,72.969
TWN,2013,71.827
TWN,2014,72.662
TWN,2015,71.619
TWN,2016,72.550
TWN,2017,73.669
TZA,1990,0.934
TZA,1991,0.992
TZA,1992,0.973
TZA,1993,1.073
TZA,1994,1.018
TZA,1995,1.119
TZA,1996,1.059
TZA,1997,1.240
TZA,1998,1.200
TZA,1999,1.257
TZA,2000,1.335
TZA,2001,1.428
TZA,2002,1.560
TZA,2003,1.705
TZA,2004,1.880
TZA,2005,2.202
TZA,2006,2.530
TZA,2007,2.426
TZA,2008,2.799
TZA,2009,2.851
TZA,2010,3.143
TZA,2011,3.739
TZA,2012,4.334
TZA,2013,5.276
TZA,2014,5.384
TZA,2015,5.474
TZA,2016,5.331
TZA,2017,5.593
UGA,1990,0.414
UGA,1991,0.422
UGA,1992,0.440
UGA,1993,0.488
UGA,1994,0.459
UGA,1995,0.546
UGA,1996,0.473
UGA,1997,0.529
UGA,1998,0.738
UGA,1999,0.763
UGA,2000,0.640
UGA,2001,0.780
UGA,2002,0.686
UGA,2003,0.806
UGA,2004,0.841
UGA,2005,0.964
UGA,2006,1.167
UGA,2007,1.209
UGA,2008,1.346
UGA,2009,1.558
UGA,2010,1.665
UGA,2011,1.747
UGA,2012,1.796
UGA,2013,1.860
UGA,2014,2.022
UGA,2015,2.131
UGA,2016,2.223
UGA,2017,2.273
UKR,1990,106.236
UKR,1991,98.721
UKR,1992,116.372
UKR,1993,97.587
UKR,1994,70.187
UKR,1995,56.865
UKR,1996,62.207
UKR,1997,58.917
UKR,1998,49.831
UKR,1999,59.041
UKR,2000,53.000
UKR,2001,63.183
UKR,2002,62.181
UKR,2003,56.025
UKR,2004,53.511
UKR,2005,60.619
UKR,2006,63.330
UKR,2007,69.934
UKR,2008,70.202
UKR,2009,62.900
UKR,2010,67.310
UKR,2011,73.457
UKR,2012,74.416
UKR,2013,74.470
UKR,2014,67.605
UKR,2015,61.467
UKR,2016,64.848
UKR,2017,63.640
URY,1990,1.388
URY,1991,1.521
URY,1992,1.693
URY,1993,1.544
URY,1994,1.479
URY,1995,1.664
URY,1996,2.031
URY,1997,2.244
URY,1998,2.401
URY,1999,2.687
URY,2000,2.266
URY,2001,2.085
URY,2002,1.646
URY,2003,1.751
URY,2004,2.073
URY,2005,2.196
URY,2006,2.381
URY,2007,2.334
URY,2008,2.934
URY,2009,2.765
URY,2010,2.765
URY,2011,3.132
URY,2012,3.682
URY,2013,3.504
URY,2014,3.369
URY,2015,3.294
URY,2016,3.306
URY,2017,3.339
USA,1990,1391.811
USA,1991,1381.312
USA,1992,1401.035
USA,1993,1435.969
USA,1994,1464.955
USA,1995,1483.463
USA,1996,1529.496
USA,1997,1554.796
USA,1998,1596.425
USA,1999,1646.717
USA,2000,1706.795
USA,2001,1682.668
USA,2002,1713.247
USA,2003,1730.793
USA,2004,1780.124
USA,2005,1787.068
USA,2006,1788.053
USA,2007,1798.314
USA,2008,1724.616
USA,2009,1589.915
USA,2010,1648.414
USA,2011,1637.958
USA,2012,1578.033
USA,2013,1608.341
USA,2014,1621.132
USA,2015,1584.206
USA,2016,1554.045
USA,2017,1552.007
VEN,1990,23.485
VEN,1991,23.173
VEN,1992,22.250
VEN,1993,24.744
VEN,1994,24.637
VEN,1995,25.437
VEN,1996,22.589
VEN,1997,25.460
VEN,1998,30.890
VEN,1999,13.284
VEN,2000,12.165
VEN,2001,15.961
VEN,2002,14.590
VEN,2003,29.555
VEN,2004,25.593
VEN,2005,29.787
VEN,2006,29.084
VEN,2007,31.496
VEN,2008,36.708
VEN,2009,42.984
VEN,2010,45.428
VEN,2011,42.244
VEN,2012,48.968
VEN,2013,46.557
VEN,2014,46.702
VEN,2015,42.912
VEN,2016,39.891
VEN,2017,38.285
VNM,1990,6.129
VNM,1991,6.122
VNM,1992,6.160
VNM,1993,6.797
VNM,1994,7.575
VNM,1995,8.315
VNM,1996,10.055
VNM,1997,12.201
VNM,1998,12.664
VNM,1999,11.568
VNM,2000,12.905
VNM,2001,14.722
VNM,2002,17.284
VNM,2003,22.520
VNM,2004,25.198
VNM,2005,26.896
VNM,2006,29.040
VNM,2007,31.044
VNM,2008,35.471
VNM,2009,37.578
VNM,2010,41.807
VNM,2011,44.308
VNM,2012,42.806
VNM,2013,49.644
VNM,2014,52.845
VNM,2015,54.508
VNM,2016,53.800
VNM,2017,53.794
World,1959,2417.240
World,1960,2550.224
World,1961,2556.183
World,1962,2646.898
World,1963,2796.806
World,1964,2942.306
World,1965,3078.978
World,1966,3222.156
World,1967,3325.285
World,1968,3506.776
World,1969,3740.343
World,1970,4050.125
World,1971,4213.720
World,1972,4409.579
World,1973,4643.901
World,1974,4623.822
World,1975,4617.960
World,1976,4862.958
World,1977,4996.469
World,1978,5179.521
World,1979,5317.644
World,1980,5292.226
World,1981,5148.521
World,1982,5110.302
World,1983,5158.748
World,1984,5308.864
World,1985,5497.983
World,1986,5576.267
World,1987,5757.051
World,1988,5977.268
World,1989,6067.326
World,1990,6200.202
World,1991,6329.409
World,1992,6131.666
World,1993,6199.877
World,1994,6243.946
World,1995,6378.702
World,1996,6577.390
World,1997,6614.873
World,1998,6591.112
World,1999,6674.814
World,2000,6865.273
World,2001,6922.621
World,2002,7074.076
World,2003,7414.837
World,2004,7763.198
World,2005,8024.318
World,2006,8290.305
World,2007,8537.702
World,2008,8732.095
World,2009,8605.968
World,2010,9047.814
World,2011,9353.586
World,2012,9495.931
World,2013,9541.328
World,2014,9613.766
World,2015,9617.533
World,2016,9656.027
World,2017,9773.607
World,2018,9981.647
ZAF,1990,56.192
ZAF,1991,59.046
ZAF,1992,53.142
ZAF,1993,54.106
ZAF,1994,58.071
ZAF,1995,59.712
ZAF,1996,59.159
ZAF,1997,60.947
ZAF,1998,59.106
ZAF,1999,67.879
ZAF,2000,68.100
ZAF,2001,65.798
ZAF,2002,65.540
ZAF,2003,69.753
ZAF,2004,79.369
ZAF,2005,74.161
ZAF,2006,84.786
ZAF,2007,86.979
ZAF,2008,92.965
ZAF,2009,96.464
ZAF,2010,90.657
ZAF,2011,93.851
ZAF,2012,93.546
ZAF,2013,93.185
ZAF,2014,96.755
ZAF,2015,92.320
ZAF,2016,93.764
ZAF,2017,93.031
ZMB,1990,0.971
ZMB,1991,0.998
ZMB,1992,0.998
ZMB,1993,1.052
ZMB,1994,1.052
ZMB,1995,1.084
ZMB,1996,1.034
ZMB,1997,1.358
ZMB,1998,1.229
ZMB,1999,0.996
ZMB,2000,1.217
ZMB,2001,1.162
ZMB,2002,1.092
ZMB,2003,1.084
ZMB,2004,1.000
ZMB,2005,1.017
ZMB,2006,1.209
ZMB,2007,1.415
ZMB,2008,1.774
ZMB,2009,1.637
ZMB,2010,1.552
ZMB,2011,1.940
ZMB,2012,1.833
ZMB,2013,2.274
ZMB,2014,2.476
ZMB,2015,2.436
ZMB,2016,2.555
ZMB,2017,2.637
ZWE,1990,5.493
ZWE,1991,5.686
ZWE,1992,5.902
ZWE,1993,5.799
ZWE,1994,6.259
ZWE,1995,5.814
ZWE,1996,6.411
ZWE,1997,5.230
ZWE,1998,4.501
ZWE,1999,4.056
ZWE,2000,2.451
ZWE,2001,2.688
ZWE,2002,3.077
ZWE,2003,2.564
ZWE,2004,2.843
ZWE,2005,3.080
ZWE,2006,3.098
ZWE,2007,3.476
ZWE,2008,2.833
ZWE,2009,2.236
ZWE,2010,2.482
ZWE,2011,2.779
ZWE,2012,2.903
ZWE,2013,3.313
ZWE,2014,3.482
ZWE,2015,3.551
ZWE,2016,3.223
ZWE,2017,3.420
