Code,Year,Emissions-Transfers
ALB,1990,-0.029
ALB,1991,-0.076
ALB,1992,-0.089
ALB,1993,-0.081
ALB,1994,-0.101
ALB,1995,-0.103
ALB,1996,-0.233
ALB,1997,-0.177
ALB,1998,-0.208
ALB,1999,-0.189
ALB,2000,-0.201
ALB,2001,-0.217
ALB,2002,-0.367
ALB,2003,-0.364
ALB,2004,-0.325
ALB,2005,-0.404
ALB,2006,-0.419
ALB,2007,-0.429
ALB,2008,-0.480
ALB,2009,-0.544
ALB,2010,-0.422
ALB,2011,-0.304
ALB,2012,-0.311
ALB,2013,-0.262
ALB,2014,-0.220
ALB,2015,-0.285
ALB,2016,-0.262
ALB,2017,-0.272
ARE,1990,-0.954
ARE,1991,-1.155
ARE,1992,-1.560
ARE,1993,-0.726
ARE,1994,-0.683
ARE,1995,-1.407
ARE,1996,-1.439
ARE,1997,-1.556
ARE,1998,-3.073
ARE,1999,-0.659
ARE,2000,1.196
ARE,2001,-2.071
ARE,2002,-3.603
ARE,2003,-7.117
ARE,2004,-9.741
ARE,2005,-13.235
ARE,2006,-12.560
ARE,2007,-18.889
ARE,2008,-24.594
ARE,2009,-9.252
ARE,2010,-10.471
ARE,2011,-12.909
ARE,2012,-5.670
ARE,2013,-7.394
ARE,2014,-8.736
ARE,2015,-10.314
ARE,2016,-8.391
ARE,2017,-9.672
ARG,1990,2.037
ARG,1991,1.182
ARG,1992,0.885
ARG,1993,0.419
ARG,1994,0.620
ARG,1995,1.634
ARG,1996,1.430
ARG,1997,0.381
ARG,1998,0.397
ARG,1999,3.027
ARG,2000,3.700
ARG,2001,4.536
ARG,2002,7.706
ARG,2003,5.683
ARG,2004,6.246
ARG,2005,5.836
ARG,2006,5.129
ARG,2007,3.538
ARG,2008,3.115
ARG,2009,3.879
ARG,2010,2.610
ARG,2011,1.512
ARG,2012,1.259
ARG,2013,-0.268
ARG,2014,-0.632
ARG,2015,-0.704
ARG,2016,0.033
ARG,2017,-0.592
ARM,1990,1.208
ARM,1991,1.476
ARM,1992,0.477
ARM,1993,0.160
ARM,1994,0.213
ARM,1995,0.164
ARM,1996,-0.135
ARM,1997,-0.233
ARM,1998,-0.230
ARM,1999,-0.626
ARM,2000,-0.144
ARM,2001,-0.252
ARM,2002,-0.168
ARM,2003,-0.243
ARM,2004,-0.223
ARM,2005,-0.278
ARM,2006,-0.253
ARM,2007,-0.645
ARM,2008,-0.252
ARM,2009,-0.426
ARM,2010,-0.350
ARM,2011,-0.207
ARM,2012,-0.158
ARM,2013,-0.172
ARM,2014,-0.151
ARM,2015,-0.217
ARM,2016,-0.143
ARM,2017,-0.149
AUS,1990,11.816
AUS,1991,12.723
AUS,1992,13.303
AUS,1993,14.317
AUS,1994,13.740
AUS,1995,15.300
AUS,1996,16.337
AUS,1997,16.226
AUS,1998,16.102
AUS,1999,19.029
AUS,2000,20.854
AUS,2001,21.785
AUS,2002,18.788
AUS,2003,18.709
AUS,2004,17.345
AUS,2005,16.566
AUS,2006,13.092
AUS,2007,11.551
AUS,2008,10.525
AUS,2009,9.024
AUS,2010,6.282
AUS,2011,3.792
AUS,2012,1.791
AUS,2013,4.590
AUS,2014,5.111
AUS,2015,8.260
AUS,2016,10.991
AUS,2017,10.562
AUT,1990,-5.515
AUT,1991,-5.871
AUT,1992,-5.793
AUT,1993,-5.909
AUT,1994,-6.251
AUT,1995,-6.678
AUT,1996,-7.971
AUT,1997,-6.758
AUT,1998,-8.036
AUT,1999,-7.075
AUT,2000,-6.942
AUT,2001,-6.637
AUT,2002,-6.684
AUT,2003,-5.875
AUT,2004,-6.451
AUT,2005,-6.755
AUT,2006,-7.951
AUT,2007,-7.255
AUT,2008,-6.988
AUT,2009,-6.752
AUT,2010,-6.785
AUT,2011,-7.909
AUT,2012,-7.208
AUT,2013,-6.793
AUT,2014,-6.903
AUT,2015,-6.750
AUT,2016,-6.733
AUT,2017,-6.716
AZE,1990,5.274
AZE,1991,5.764
AZE,1992,9.264
AZE,1993,4.869
AZE,1994,4.665
AZE,1995,2.236
AZE,1996,0.159
AZE,1997,0.400
AZE,1998,0.303
AZE,1999,0.672
AZE,2000,0.588
AZE,2001,0.291
AZE,2002,-0.503
AZE,2003,-1.023
AZE,2004,-1.333
AZE,2005,-0.376
AZE,2006,-0.528
AZE,2007,-0.461
AZE,2008,-0.227
AZE,2009,-0.013
AZE,2010,-0.032
AZE,2011,-0.301
AZE,2012,-0.615
AZE,2013,-0.931
AZE,2014,-0.999
AZE,2015,-0.948
AZE,2016,-0.804
AZE,2017,-1.022
Africa,1990,30.733
Africa,1991,30.825
Africa,1992,30.794
Africa,1993,35.753
Africa,1994,34.410
Africa,1995,40.107
Africa,1996,43.313
Africa,1997,45.867
Africa,1998,42.865
Africa,1999,37.936
Africa,2000,43.820
Africa,2001,38.495
Africa,2002,38.499
Africa,2003,35.541
Africa,2004,41.794
Africa,2005,36.157
Africa,2006,35.829
Africa,2007,31.021
Africa,2008,26.108
Africa,2009,17.309
Africa,2010,26.135
Africa,2011,24.783
Africa,2012,18.705
Africa,2013,1.360
Africa,2014,6.236
Africa,2015,2.909
Africa,2016,6.185
Africa,2017,10.136
Asia,1990,-18.985
Asia,1991,-35.260
Asia,1992,-17.750
Asia,1993,-19.514
Asia,1994,-18.776
Asia,1995,-12.786
Asia,1996,-11.049
Asia,1997,7.089
Asia,1998,62.102
Asia,1999,7.921
Asia,2000,16.867
Asia,2001,14.759
Asia,2002,48.988
Asia,2003,99.706
Asia,2004,143.492
Asia,2005,177.361
Asia,2006,234.050
Asia,2007,280.672
Asia,2008,289.923
Asia,2009,248.835
Asia,2010,276.789
Asia,2011,322.190
Asia,2012,297.271
Asia,2013,312.168
Asia,2014,318.396
Asia,2015,291.124
Asia,2016,265.440
Asia,2017,280.724
BEL,1990,-7.308
BEL,1991,-8.973
BEL,1992,-7.783
BEL,1993,-8.229
BEL,1994,-8.506
BEL,1995,-9.838
BEL,1996,-9.046
BEL,1997,-12.291
BEL,1998,-13.428
BEL,1999,-15.713
BEL,2000,-16.740
BEL,2001,-16.420
BEL,2002,-19.449
BEL,2003,-17.748
BEL,2004,-23.062
BEL,2005,-22.809
BEL,2006,-25.732
BEL,2007,-27.682
BEL,2008,-23.074
BEL,2009,-19.893
BEL,2010,-21.601
BEL,2011,-26.624
BEL,2012,-22.319
BEL,2013,-21.892
BEL,2014,-22.546
BEL,2015,-21.523
BEL,2016,-21.188
BEL,2017,-21.979
BEN,1990,-0.070
BEN,1991,-0.072
BEN,1992,-0.071
BEN,1993,-0.070
BEN,1994,-0.077
BEN,1995,-0.094
BEN,1996,-0.126
BEN,1997,-0.176
BEN,1998,-0.234
BEN,1999,-0.140
BEN,2000,-0.251
BEN,2001,-0.269
BEN,2002,-0.293
BEN,2003,-0.317
BEN,2004,-0.240
BEN,2005,-0.515
BEN,2006,-0.565
BEN,2007,-0.463
BEN,2008,-0.646
BEN,2009,-0.573
BEN,2010,-0.562
BEN,2011,-1.028
BEN,2012,-0.746
BEN,2013,-0.801
BEN,2014,-0.650
BEN,2015,-0.582
BEN,2016,-0.447
BEN,2017,-0.346
BFA,1990,-0.065
BFA,1991,-0.064
BFA,1992,-0.064
BFA,1993,-0.069
BFA,1994,-0.066
BFA,1995,-0.082
BFA,1996,-0.083
BFA,1997,-0.110
BFA,1998,-0.306
BFA,1999,-0.412
BFA,2000,-0.156
BFA,2001,-0.266
BFA,2002,-0.251
BFA,2003,-0.247
BFA,2004,-0.335
BFA,2005,-0.143
BFA,2006,-0.103
BFA,2007,-0.155
BFA,2008,-0.172
BFA,2009,-0.249
BFA,2010,-0.236
BFA,2011,-0.179
BFA,2012,-0.107
BFA,2013,-0.315
BFA,2014,-0.321
BFA,2015,-0.305
BFA,2016,-0.315
BFA,2017,-0.331
BGD,1990,-0.914
BGD,1991,-1.107
BGD,1992,-1.116
BGD,1993,-1.220
BGD,1994,-1.385
BGD,1995,-1.396
BGD,1996,-1.653
BGD,1997,-1.676
BGD,1998,-1.629
BGD,1999,-1.318
BGD,2000,-1.617
BGD,2001,-2.536
BGD,2002,-1.524
BGD,2003,-3.342
BGD,2004,-3.143
BGD,2005,-2.937
BGD,2006,-2.677
BGD,2007,-3.488
BGD,2008,-3.021
BGD,2009,-3.437
BGD,2010,-4.348
BGD,2011,-5.027
BGD,2012,-4.826
BGD,2013,-6.388
BGD,2014,-6.607
BGD,2015,-6.314
BGD,2016,-6.226
BGD,2017,-6.526
BGR,1990,5.592
BGR,1991,3.085
BGR,1992,3.140
BGR,1993,3.430
BGR,1994,3.522
BGR,1995,4.131
BGR,1996,3.982
BGR,1997,4.345
BGR,1998,3.352
BGR,1999,2.181
BGR,2000,1.023
BGR,2001,1.369
BGR,2002,1.346
BGR,2003,1.685
BGR,2004,1.598
BGR,2005,1.347
BGR,2006,0.511
BGR,2007,0.967
BGR,2008,0.190
BGR,2009,0.609
BGR,2010,1.315
BGR,2011,1.816
BGR,2012,1.055
BGR,2013,1.070
BGR,2014,1.423
BGR,2015,1.809
BGR,2016,1.683
BGR,2017,1.831
BHR,1990,0.379
BHR,1991,0.142
BHR,1992,0.024
BHR,1993,0.445
BHR,1994,0.409
BHR,1995,0.441
BHR,1996,0.546
BHR,1997,1.310
BHR,1998,1.272
BHR,1999,3.116
BHR,2000,1.808
BHR,2001,0.930
BHR,2002,1.553
BHR,2003,1.776
BHR,2004,2.026
BHR,2005,1.868
BHR,2006,2.023
BHR,2007,2.795
BHR,2008,2.651
BHR,2009,2.339
BHR,2010,2.212
BHR,2011,2.945
BHR,2012,3.494
BHR,2013,3.878
BHR,2014,3.610
BHR,2015,3.832
BHR,2016,3.500
BHR,2017,3.517
BLR,1990,20.603
BLR,1991,19.254
BLR,1992,14.558
BLR,1993,10.750
BLR,1994,9.800
BLR,1995,7.383
BLR,1996,3.672
BLR,1997,4.320
BLR,1998,-3.112
BLR,1999,-0.786
BLR,2000,-0.375
BLR,2001,-0.300
BLR,2002,-0.934
BLR,2003,-0.680
BLR,2004,-0.639
BLR,2005,0.738
BLR,2006,-0.571
BLR,2007,-1.983
BLR,2008,-3.035
BLR,2009,1.503
BLR,2010,0.164
BLR,2011,1.462
BLR,2012,-1.648
BLR,2013,-2.063
BLR,2014,-1.806
BLR,2015,-2.167
BLR,2016,-1.906
BLR,2017,-1.846
BOL,1990,0.148
BOL,1991,0.167
BOL,1992,0.201
BOL,1993,0.281
BOL,1994,0.380
BOL,1995,0.471
BOL,1996,0.426
BOL,1997,0.264
BOL,1998,0.210
BOL,1999,-0.010
BOL,2000,0.221
BOL,2001,0.119
BOL,2002,0.161
BOL,2003,0.586
BOL,2004,0.685
BOL,2005,0.764
BOL,2006,0.885
BOL,2007,0.611
BOL,2008,0.455
BOL,2009,0.255
BOL,2010,0.405
BOL,2011,0.312
BOL,2012,0.572
BOL,2013,0.540
BOL,2014,0.676
BOL,2015,0.534
BOL,2016,0.515
BOL,2017,0.413
BRA,1990,-7.466
BRA,1991,-7.478
BRA,1992,-6.709
BRA,1993,-6.563
BRA,1994,-7.197
BRA,1995,-8.500
BRA,1996,-9.438
BRA,1997,-10.380
BRA,1998,-10.068
BRA,1999,-5.074
BRA,2000,-5.702
BRA,2001,-4.081
BRA,2002,-1.918
BRA,2003,-0.968
BRA,2004,-0.535
BRA,2005,-0.908
BRA,2006,-2.809
BRA,2007,-4.526
BRA,2008,-11.007
BRA,2009,-6.882
BRA,2010,-12.831
BRA,2011,-15.198
BRA,2012,-15.041
BRA,2013,-15.585
BRA,2014,-15.485
BRA,2015,-13.345
BRA,2016,-13.726
BRA,2017,-13.431
BRN,1990,0.813
BRN,1991,0.645
BRN,1992,0.579
BRN,1993,0.434
BRN,1994,0.333
BRN,1995,0.423
BRN,1996,0.055
BRN,1997,0.676
BRN,1998,0.457
BRN,1999,0.502
BRN,2000,0.690
BRN,2001,0.652
BRN,2002,0.611
BRN,2003,0.101
BRN,2004,0.259
BRN,2005,0.231
BRN,2006,0.107
BRN,2007,0.490
BRN,2008,0.516
BRN,2009,0.706
BRN,2010,0.668
BRN,2011,0.654
BRN,2012,0.454
BRN,2013,-0.143
BRN,2014,0.064
BRN,2015,-0.204
BRN,2016,-0.056
BRN,2017,-0.123
BWA,1990,0.000
BWA,1991,0.000
BWA,1992,0.000
BWA,1993,0.000
BWA,1994,0.000
BWA,1995,0.000
BWA,1996,0.000
BWA,1997,0.000
BWA,1998,0.000
BWA,1999,0.000
BWA,2000,-1.650
BWA,2001,-1.245
BWA,2002,0.252
BWA,2003,-3.323
BWA,2004,-1.917
BWA,2005,-1.505
BWA,2006,-1.187
BWA,2007,-1.731
BWA,2008,-1.940
BWA,2009,-0.441
BWA,2010,-0.375
BWA,2011,-0.314
BWA,2012,-0.171
BWA,2013,-2.632
BWA,2014,-2.671
BWA,2015,-2.910
BWA,2016,-2.905
BWA,2017,-2.810
Bunkers,1959,0.000
Bunkers,1960,0.000
Bunkers,1961,0.000
Bunkers,1962,0.000
Bunkers,1963,0.000
Bunkers,1964,0.000
Bunkers,1965,0.000
Bunkers,1966,0.000
Bunkers,1967,0.000
Bunkers,1968,0.000
Bunkers,1969,0.000
Bunkers,1970,0.000
Bunkers,1971,0.000
Bunkers,1972,0.000
Bunkers,1973,0.000
Bunkers,1974,0.000
Bunkers,1975,0.000
Bunkers,1976,0.000
Bunkers,1977,0.000
Bunkers,1978,0.000
Bunkers,1979,0.000
Bunkers,1980,0.000
Bunkers,1981,0.000
Bunkers,1982,0.000
Bunkers,1983,0.000
Bunkers,1984,0.000
Bunkers,1985,0.000
Bunkers,1986,0.000
Bunkers,1987,0.000
Bunkers,1988,0.000
Bunkers,1989,0.000
Bunkers,1990,0.000
Bunkers,1991,0.000
Bunkers,1992,0.000
Bunkers,1993,0.000
Bunkers,1994,0.000
Bunkers,1995,0.000
Bunkers,1996,0.000
Bunkers,1997,0.000
Bunkers,1998,0.000
Bunkers,1999,0.000
Bunkers,2000,0.000
Bunkers,2001,0.000
Bunkers,2002,0.000
Bunkers,2003,0.000
Bunkers,2004,0.000
Bunkers,2005,0.000
Bunkers,2006,0.000
Bunkers,2007,0.000
Bunkers,2008,0.000
Bunkers,2009,0.000
Bunkers,2010,0.000
Bunkers,2011,0.000
Bunkers,2012,0.000
Bunkers,2013,0.000
Bunkers,2014,0.000
Bunkers,2015,0.000
Bunkers,2016,0.000
Bunkers,2017,0.000
Bunkers,2018,0.000
CAN,1990,-3.050
CAN,1991,-4.794
CAN,1992,-3.592
CAN,1993,-2.817
CAN,1994,-1.826
CAN,1995,-2.120
CAN,1996,-1.276
CAN,1997,-6.526
CAN,1998,-6.415
CAN,1999,-2.080
CAN,2000,-2.504
CAN,2001,0.145
CAN,2002,-3.301
CAN,2003,7.736
CAN,2004,3.312
CAN,2005,-2.023
CAN,2006,0.778
CAN,2007,-0.340
CAN,2008,-3.690
CAN,2009,-5.263
CAN,2010,-10.298
CAN,2011,0.539
CAN,2012,-8.913
CAN,2013,-9.233
CAN,2014,-8.792
CAN,2015,-4.744
CAN,2016,-4.299
CAN,2017,-5.598
CHE,1990,-9.503
CHE,1991,-10.134
CHE,1992,-9.589
CHE,1993,-10.055
CHE,1994,-10.639
CHE,1995,-11.606
CHE,1996,-16.492
CHE,1997,-14.119
CHE,1998,-18.533
CHE,1999,-14.629
CHE,2000,-15.971
CHE,2001,-13.447
CHE,2002,-13.059
CHE,2003,-17.307
CHE,2004,-16.971
CHE,2005,-16.719
CHE,2006,-16.186
CHE,2007,-18.883
CHE,2008,-18.786
CHE,2009,-18.134
CHE,2010,-17.181
CHE,2011,-20.776
CHE,2012,-19.175
CHE,2013,-22.694
CHE,2014,-22.864
CHE,2015,-22.703
CHE,2016,-22.037
CHE,2017,-22.693
CHL,1990,0.578
CHL,1991,0.465
CHL,1992,0.588
CHL,1993,0.522
CHL,1994,0.804
CHL,1995,0.765
CHL,1996,1.082
CHL,1997,1.830
CHL,1998,1.702
CHL,1999,1.444
CHL,2000,0.701
CHL,2001,0.256
CHL,2002,0.408
CHL,2003,1.307
CHL,2004,1.486
CHL,2005,0.501
CHL,2006,-0.359
CHL,2007,0.357
CHL,2008,-0.919
CHL,2009,0.831
CHL,2010,-0.441
CHL,2011,-0.852
CHL,2012,-1.992
CHL,2013,-1.663
CHL,2014,-2.224
CHL,2015,-1.664
CHL,2016,-1.319
CHL,2017,-1.714
CHN,1990,36.710
CHN,1991,37.796
CHN,1992,48.511
CHN,1993,59.478
CHN,1994,78.491
CHN,1995,88.247
CHN,1996,93.416
CHN,1997,115.920
CHN,1998,112.590
CHN,1999,100.843
CHN,2000,105.895
CHN,2001,87.211
CHN,2002,115.389
CHN,2003,173.303
CHN,2004,218.040
CHN,2005,258.786
CHN,2006,330.984
CHN,2007,354.241
CHN,2008,378.126
CHN,2009,309.060
CHN,2010,345.898
CHN,2011,394.221
CHN,2012,393.203
CHN,2013,404.688
CHN,2014,410.255
CHN,2015,373.636
CHN,2016,337.980
CHN,2017,352.134
CIV,1990,-0.078
CIV,1991,-0.207
CIV,1992,-0.215
CIV,1993,-0.188
CIV,1994,-0.242
CIV,1995,-0.149
CIV,1996,0.335
CIV,1997,0.264
CIV,1998,-0.399
CIV,1999,0.316
CIV,2000,0.668
CIV,2001,0.686
CIV,2002,0.811
CIV,2003,-0.398
CIV,2004,0.031
CIV,2005,-0.161
CIV,2006,-0.402
CIV,2007,-0.285
CIV,2008,-0.545
CIV,2009,-0.573
CIV,2010,-0.581
CIV,2011,-0.518
CIV,2012,-0.443
CIV,2013,-1.435
CIV,2014,-1.530
CIV,2015,-1.490
CIV,2016,-1.586
CIV,2017,-1.631
CMR,1990,-0.192
CMR,1991,-0.227
CMR,1992,-0.150
CMR,1993,-0.178
CMR,1994,-0.175
CMR,1995,-0.166
CMR,1996,-0.081
CMR,1997,-0.232
CMR,1998,-0.236
CMR,1999,-0.071
CMR,2000,-0.156
CMR,2001,-0.294
CMR,2002,-0.286
CMR,2003,-0.417
CMR,2004,-0.322
CMR,2005,-0.442
CMR,2006,-0.468
CMR,2007,-0.140
CMR,2008,-0.377
CMR,2009,-0.337
CMR,2010,-0.393
CMR,2011,-0.599
CMR,2012,-0.791
CMR,2013,-1.232
CMR,2014,-1.264
CMR,2015,-1.093
CMR,2016,-1.159
CMR,2017,-1.285
COL,1990,-1.557
COL,1991,-1.401
COL,1992,-1.132
COL,1993,-1.619
COL,1994,-1.886
COL,1995,-2.485
COL,1996,-2.065
COL,1997,-2.557
COL,1998,-2.893
COL,1999,-1.781
COL,2000,-1.315
COL,2001,-1.748
COL,2002,-2.914
COL,2003,-1.199
COL,2004,-1.215
COL,2005,-1.492
COL,2006,-2.291
COL,2007,-2.810
COL,2008,-2.781
COL,2009,-1.633
COL,2010,-2.264
COL,2011,-3.172
COL,2012,-3.481
COL,2013,-3.150
COL,2014,-3.827
COL,2015,-3.293
COL,2016,-3.049
COL,2017,-3.439
CRI,1990,-0.546
CRI,1991,-0.536
CRI,1992,-0.491
CRI,1993,-0.525
CRI,1994,-0.518
CRI,1995,-0.577
CRI,1996,-0.564
CRI,1997,-0.705
CRI,1998,-0.990
CRI,1999,-2.046
CRI,2000,-1.268
CRI,2001,-1.778
CRI,2002,-3.193
CRI,2003,-1.616
CRI,2004,-1.639
CRI,2005,-1.898
CRI,2006,-1.214
CRI,2007,-1.367
CRI,2008,-1.376
CRI,2009,-0.987
CRI,2010,-1.186
CRI,2011,-1.474
CRI,2012,-1.585
CRI,2013,-1.335
CRI,2014,-1.338
CRI,2015,-1.318
CRI,2016,-1.215
CRI,2017,-1.236
CYP,1990,-0.308
CYP,1991,-0.306
CYP,1992,-0.094
CYP,1993,-0.053
CYP,1994,-0.061
CYP,1995,-0.121
CYP,1996,-0.346
CYP,1997,-0.200
CYP,1998,-0.545
CYP,1999,-0.249
CYP,2000,-0.491
CYP,2001,-0.500
CYP,2002,-0.920
CYP,2003,-0.668
CYP,2004,-0.383
CYP,2005,-0.455
CYP,2006,-0.329
CYP,2007,-0.554
CYP,2008,-0.891
CYP,2009,-1.243
CYP,2010,-1.311
CYP,2011,-0.932
CYP,2012,-0.567
CYP,2013,-0.336
CYP,2014,-0.244
CYP,2015,-0.223
CYP,2016,-0.137
CYP,2017,-0.190
CZE,1990,0.318
CZE,1991,-0.857
CZE,1992,0.348
CZE,1993,1.013
CZE,1994,0.092
CZE,1995,0.171
CZE,1996,0.924
CZE,1997,0.991
CZE,1998,1.083
CZE,1999,1.022
CZE,2000,1.534
CZE,2001,1.258
CZE,2002,-0.126
CZE,2003,0.868
CZE,2004,2.266
CZE,2005,3.183
CZE,2006,1.238
CZE,2007,0.466
CZE,2008,-1.128
CZE,2009,0.168
CZE,2010,-0.658
CZE,2011,-0.797
CZE,2012,0.215
CZE,2013,-0.403
CZE,2014,-0.112
CZE,2015,-0.231
CZE,2016,0.010
CZE,2017,-0.406
Central America,1990,-1.626
Central America,1991,-1.706
Central America,1992,-1.209
Central America,1993,-1.909
Central America,1994,-1.864
Central America,1995,-2.093
Central America,1996,-2.916
Central America,1997,-3.684
Central America,1998,-5.698
Central America,1999,-8.329
Central America,2000,-6.871
Central America,2001,-7.943
Central America,2002,-7.934
Central America,2003,-4.294
Central America,2004,-1.542
Central America,2005,-1.270
Central America,2006,1.902
Central America,2007,2.614
Central America,2008,1.473
Central America,2009,-2.498
Central America,2010,-4.411
Central America,2011,-1.304
Central America,2012,-6.440
Central America,2013,-2.772
Central America,2014,-4.958
Central America,2015,-5.773
Central America,2016,-6.774
Central America,2017,-6.966
DEU,1990,-29.553
DEU,1991,-36.856
DEU,1992,-36.752
DEU,1993,-40.659
DEU,1994,-44.240
DEU,1995,-49.011
DEU,1996,-41.437
DEU,1997,-39.338
DEU,1998,-43.071
DEU,1999,-43.936
DEU,2000,-42.587
DEU,2001,-38.793
DEU,2002,-36.315
DEU,2003,-43.694
DEU,2004,-47.661
DEU,2005,-47.398
DEU,2006,-51.531
DEU,2007,-44.357
DEU,2008,-40.486
DEU,2009,-39.656
DEU,2010,-39.664
DEU,2011,-44.385
DEU,2012,-30.035
DEU,2013,-25.018
DEU,2014,-26.999
DEU,2015,-24.744
DEU,2016,-24.269
DEU,2017,-26.438
DNK,1990,-1.063
DNK,1991,-0.262
DNK,1992,-0.633
DNK,1993,-0.496
DNK,1994,-0.363
DNK,1995,-1.174
DNK,1996,0.641
DNK,1997,-0.584
DNK,1998,-1.033
DNK,1999,-2.243
DNK,2000,-2.321
DNK,2001,-2.036
DNK,2002,-2.309
DNK,2003,-1.641
DNK,2004,-3.447
DNK,2005,-3.788
DNK,2006,-3.364
DNK,2007,-3.750
DNK,2008,-3.902
DNK,2009,-3.365
DNK,2010,-3.538
DNK,2011,-4.250
DNK,2012,-4.027
DNK,2013,-3.932
DNK,2014,-4.418
DNK,2015,-4.690
DNK,2016,-4.434
DNK,2017,-4.954
DOM,1990,-0.137
DOM,1991,-0.111
DOM,1992,-0.110
DOM,1993,-0.089
DOM,1994,-0.094
DOM,1995,0.081
DOM,1996,0.043
DOM,1997,-0.096
DOM,1998,-0.673
DOM,1999,-1.574
DOM,2000,-1.695
DOM,2001,-1.895
DOM,2002,-0.788
DOM,2003,-0.074
DOM,2004,-0.123
DOM,2005,-0.473
DOM,2006,-0.397
DOM,2007,-0.739
DOM,2008,-1.113
DOM,2009,-0.759
DOM,2010,-0.858
DOM,2011,-0.759
DOM,2012,-1.010
DOM,2013,-0.621
DOM,2014,-0.581
DOM,2015,-0.457
DOM,2016,-0.333
DOM,2017,-0.341
ECU,1990,-0.111
ECU,1991,-0.042
ECU,1992,0.312
ECU,1993,0.416
ECU,1994,-0.250
ECU,1995,0.366
ECU,1996,0.517
ECU,1997,-0.182
ECU,1998,-0.496
ECU,1999,-0.223
ECU,2000,-0.231
ECU,2001,-0.801
ECU,2002,-1.410
ECU,2003,-0.807
ECU,2004,-0.596
ECU,2005,-0.644
ECU,2006,-1.112
ECU,2007,-1.429
ECU,2008,-1.394
ECU,2009,-1.185
ECU,2010,-1.788
ECU,2011,-2.128
ECU,2012,-2.512
ECU,2013,-2.164
ECU,2014,-1.954
ECU,2015,-1.952
ECU,2016,-1.869
ECU,2017,-1.979
EGY,1990,-2.517
EGY,1991,-2.952
EGY,1992,-1.968
EGY,1993,-1.597
EGY,1994,-2.508
EGY,1995,-2.683
EGY,1996,-2.608
EGY,1997,-2.645
EGY,1998,-3.336
EGY,1999,-3.999
EGY,2000,-2.450
EGY,2001,-2.484
EGY,2002,-2.568
EGY,2003,-0.822
EGY,2004,0.844
EGY,2005,-1.019
EGY,2006,0.736
EGY,2007,1.847
EGY,2008,1.590
EGY,2009,0.357
EGY,2010,-0.416
EGY,2011,0.730
EGY,2012,-1.255
EGY,2013,-0.396
EGY,2014,-1.083
EGY,2015,-1.233
EGY,2016,-2.266
EGY,2017,2.639
ESP,1990,-8.429
ESP,1991,-9.180
ESP,1992,-7.351
ESP,1993,-7.240
ESP,1994,-6.203
ESP,1995,-6.374
ESP,1996,-5.426
ESP,1997,-4.257
ESP,1998,-7.830
ESP,1999,-5.497
ESP,2000,-5.767
ESP,2001,-6.448
ESP,2002,-7.855
ESP,2003,-6.948
ESP,2004,-9.907
ESP,2005,-11.756
ESP,2006,-17.206
ESP,2007,-17.981
ESP,2008,-17.723
ESP,2009,-15.174
ESP,2010,-16.550
ESP,2011,-14.474
ESP,2012,-10.239
ESP,2013,-9.922
ESP,2014,-9.378
ESP,2015,-7.704
ESP,2016,-8.094
ESP,2017,-7.600
EST,1990,1.442
EST,1991,0.416
EST,1992,1.073
EST,1993,0.676
EST,1994,0.801
EST,1995,0.529
EST,1996,0.397
EST,1997,0.395
EST,1998,-0.653
EST,1999,-0.834
EST,2000,-0.549
EST,2001,-0.439
EST,2002,-0.899
EST,2003,-0.961
EST,2004,-0.241
EST,2005,-0.371
EST,2006,-0.752
EST,2007,-0.140
EST,2008,0.230
EST,2009,-0.070
EST,2010,0.419
EST,2011,0.088
EST,2012,0.036
EST,2013,0.393
EST,2014,0.296
EST,2015,-0.133
EST,2016,0.051
EST,2017,0.107
ETH,1990,-0.202
ETH,1991,-0.220
ETH,1992,-0.229
ETH,1993,-0.250
ETH,1994,-0.279
ETH,1995,-0.301
ETH,1996,-0.313
ETH,1997,-0.380
ETH,1998,-0.579
ETH,1999,-0.570
ETH,2000,-0.406
ETH,2001,-0.444
ETH,2002,-0.378
ETH,2003,-0.476
ETH,2004,-0.351
ETH,2005,-0.651
ETH,2006,-0.747
ETH,2007,-0.651
ETH,2008,-0.806
ETH,2009,-1.223
ETH,2010,-0.901
ETH,2011,-0.912
ETH,2012,-1.563
ETH,2013,-1.711
ETH,2014,-1.739
ETH,2015,-1.676
ETH,2016,-1.691
ETH,2017,-1.768
EUU,1990,-148.897
EUU,1991,-184.313
EUU,1992,-155.611
EUU,1993,-161.702
EUU,1994,-169.763
EUU,1995,-183.500
EUU,1996,-159.285
EUU,1997,-163.897
EUU,1998,-186.657
EUU,1999,-179.961
EUU,2000,-185.212
EUU,2001,-174.330
EUU,2002,-190.714
EUU,2003,-185.759
EUU,2004,-215.478
EUU,2005,-213.056
EUU,2006,-257.382
EUU,2007,-254.364
EUU,2008,-249.208
EUU,2009,-239.699
EUU,2010,-242.627
EUU,2011,-258.329
EUU,2012,-208.659
EUU,2013,-193.734
EUU,2014,-202.662
EUU,2015,-192.420
EUU,2016,-190.408
EUU,2017,-198.565
Europe,1990,-25.374
Europe,1991,-2.751
Europe,1992,-39.163
Europe,1993,-46.398
Europe,1994,-47.248
Europe,1995,-52.627
Europe,1996,-70.211
Europe,1997,-69.813
Europe,1998,-85.442
Europe,1999,-91.748
Europe,2000,-101.758
Europe,2001,-93.771
Europe,2002,-107.690
Europe,2003,-101.578
Europe,2004,-126.141
Europe,2005,-134.612
Europe,2006,-163.666
Europe,2007,-187.110
Europe,2008,-190.441
Europe,2009,-171.296
Europe,2010,-172.932
Europe,2011,-197.775
Europe,2012,-164.893
Europe,2013,-154.511
Europe,2014,-167.084
Europe,2015,-149.072
Europe,2016,-141.870
Europe,2017,-149.300
FIN,1990,-3.283
FIN,1991,-5.971
FIN,1992,-4.336
FIN,1993,-3.996
FIN,1994,-3.696
FIN,1995,-4.493
FIN,1996,-3.840
FIN,1997,-4.216
FIN,1998,-3.869
FIN,1999,-3.534
FIN,2000,-3.744
FIN,2001,-3.805
FIN,2002,-3.289
FIN,2003,-3.850
FIN,2004,-5.621
FIN,2005,-6.253
FIN,2006,-6.641
FIN,2007,-7.284
FIN,2008,-6.675
FIN,2009,-4.712
FIN,2010,-5.308
FIN,2011,-5.194
FIN,2012,-5.744
FIN,2013,-4.865
FIN,2014,-5.320
FIN,2015,-5.811
FIN,2016,-5.590
FIN,2017,-5.992
FRA,1990,-23.111
FRA,1991,-25.894
FRA,1992,-23.711
FRA,1993,-25.594
FRA,1994,-27.647
FRA,1995,-29.649
FRA,1996,-28.081
FRA,1997,-27.152
FRA,1998,-28.461
FRA,1999,-27.345
FRA,2000,-29.170
FRA,2001,-27.558
FRA,2002,-29.168
FRA,2003,-27.738
FRA,2004,-33.969
FRA,2005,-31.616
FRA,2006,-31.473
FRA,2007,-39.430
FRA,2008,-37.696
FRA,2009,-36.656
FRA,2010,-33.980
FRA,2011,-45.163
FRA,2012,-30.786
FRA,2013,-29.032
FRA,2014,-31.054
FRA,2015,-29.959
FRA,2016,-29.364
FRA,2017,-30.628
GBR,1990,-15.557
GBR,1991,-18.039
GBR,1992,-17.695
GBR,1993,-19.592
GBR,1994,-21.238
GBR,1995,-22.728
GBR,1996,-25.728
GBR,1997,-30.337
GBR,1998,-35.346
GBR,1999,-30.950
GBR,2000,-30.930
GBR,2001,-31.623
GBR,2002,-33.794
GBR,2003,-37.533
GBR,2004,-41.048
GBR,2005,-39.058
GBR,2006,-42.904
GBR,2007,-46.357
GBR,2008,-40.811
GBR,2009,-44.918
GBR,2010,-46.427
GBR,2011,-43.448
GBR,2012,-42.110
GBR,2013,-39.380
GBR,2014,-42.831
GBR,2015,-42.789
GBR,2016,-44.089
GBR,2017,-46.155
GEO,1990,2.888
GEO,1991,1.688
GEO,1992,1.597
GEO,1993,0.513
GEO,1994,0.327
GEO,1995,0.027
GEO,1996,-1.364
GEO,1997,-0.717
GEO,1998,-0.723
GEO,1999,-0.402
GEO,2000,-0.248
GEO,2001,-0.390
GEO,2002,-0.390
GEO,2003,-0.466
GEO,2004,-0.584
GEO,2005,-0.639
GEO,2006,-0.694
GEO,2007,-0.831
GEO,2008,-0.979
GEO,2009,-0.442
GEO,2010,-0.524
GEO,2011,-0.367
GEO,2012,-0.536
GEO,2013,-0.610
GEO,2014,-0.577
GEO,2015,-0.452
GEO,2016,-0.429
GEO,2017,-0.189
GHA,1990,-0.242
GHA,1991,-0.253
GHA,1992,-0.270
GHA,1993,-0.272
GHA,1994,-0.287
GHA,1995,-0.300
GHA,1996,-0.513
GHA,1997,-0.689
GHA,1998,-0.709
GHA,1999,-0.814
GHA,2000,-0.709
GHA,2001,-0.846
GHA,2002,-0.772
GHA,2003,-0.935
GHA,2004,-1.361
GHA,2005,-1.532
GHA,2006,-1.346
GHA,2007,-1.485
GHA,2008,-1.627
GHA,2009,-1.573
GHA,2010,-1.391
GHA,2011,-1.981
GHA,2012,-2.265
GHA,2013,-1.911
GHA,2014,-2.085
GHA,2015,-1.828
GHA,2016,-1.672
GHA,2017,-1.555
GIN,1990,0.000
GIN,1991,0.000
GIN,1992,0.000
GIN,1993,0.000
GIN,1994,0.000
GIN,1995,0.000
GIN,1996,0.000
GIN,1997,0.000
GIN,1998,0.000
GIN,1999,0.000
GIN,2000,0.000
GIN,2001,0.000
GIN,2002,0.000
GIN,2003,0.000
GIN,2004,0.000
GIN,2005,0.000
GIN,2006,0.000
GIN,2007,0.000
GIN,2008,0.000
GIN,2009,0.000
GIN,2010,0.000
GIN,2011,0.000
GIN,2012,0.000
GIN,2013,0.000
GIN,2014,0.000
GIN,2015,0.000
GIN,2016,0.000
GIN,2017,0.000
GRC,1990,-3.588
GRC,1991,-3.729
GRC,1992,-2.764
GRC,1993,-3.045
GRC,1994,-3.104
GRC,1995,-3.712
GRC,1996,-2.802
GRC,1997,-1.956
GRC,1998,-3.042
GRC,1999,-1.618
GRC,2000,-1.796
GRC,2001,-1.693
GRC,2002,-2.470
GRC,2003,2.768
GRC,2004,3.826
GRC,2005,4.758
GRC,2006,3.268
GRC,2007,4.395
GRC,2008,3.334
GRC,2009,-1.778
GRC,2010,-0.060
GRC,2011,1.969
GRC,2012,2.520
GRC,2013,2.604
GRC,2014,2.793
GRC,2015,2.606
GRC,2016,1.981
GRC,2017,2.478
GTM,1990,-0.300
GTM,1991,-0.388
GTM,1992,-0.339
GTM,1993,-0.379
GTM,1994,-0.374
GTM,1995,-0.407
GTM,1996,-0.405
GTM,1997,-0.589
GTM,1998,-0.843
GTM,1999,-0.859
GTM,2000,-0.728
GTM,2001,-0.935
GTM,2002,-1.267
GTM,2003,-0.748
GTM,2004,-0.679
GTM,2005,-0.831
GTM,2006,-0.964
GTM,2007,-0.969
GTM,2008,-1.127
GTM,2009,-0.896
GTM,2010,-1.112
GTM,2011,-1.360
GTM,2012,-1.484
GTM,2013,-1.340
GTM,2014,-1.268
GTM,2015,-1.111
GTM,2016,-1.022
GTM,2017,-1.067
HKG,1990,-13.630
HKG,1991,-15.160
HKG,1992,-15.360
HKG,1993,-17.316
HKG,1994,-21.574
HKG,1995,-24.058
HKG,1996,-24.281
HKG,1997,-28.349
HKG,1998,-20.959
HKG,1999,-16.157
HKG,2000,-17.583
HKG,2001,-19.512
HKG,2002,-15.432
HKG,2003,-12.873
HKG,2004,-10.752
HKG,2005,-12.097
HKG,2006,-13.497
HKG,2007,-9.332
HKG,2008,-12.404
HKG,2009,-11.476
HKG,2010,-13.500
HKG,2011,-10.122
HKG,2012,-19.344
HKG,2013,-21.225
HKG,2014,-21.657
HKG,2015,-21.130
HKG,2016,-19.868
HKG,2017,-20.780
HND,1990,-0.103
HND,1991,-0.130
HND,1992,-0.107
HND,1993,-0.161
HND,1994,-0.176
HND,1995,-0.143
HND,1996,-0.235
HND,1997,-0.385
HND,1998,-0.476
HND,1999,-0.656
HND,2000,-0.716
HND,2001,-0.804
HND,2002,-1.029
HND,2003,-0.631
HND,2004,-0.442
HND,2005,-0.557
HND,2006,-0.529
HND,2007,-0.519
HND,2008,-0.517
HND,2009,-0.489
HND,2010,-0.505
HND,2011,-0.377
HND,2012,-0.694
HND,2013,-0.570
HND,2014,-0.592
HND,2015,-0.546
HND,2016,-0.551
HND,2017,-0.562
HRV,1990,0.763
HRV,1991,0.328
HRV,1992,0.165
HRV,1993,-0.003
HRV,1994,-0.240
HRV,1995,-0.525
HRV,1996,-0.715
HRV,1997,-0.711
HRV,1998,-0.408
HRV,1999,-0.370
HRV,2000,-0.328
HRV,2001,-0.707
HRV,2002,-0.805
HRV,2003,-0.965
HRV,2004,-0.990
HRV,2005,-1.130
HRV,2006,-2.086
HRV,2007,-1.585
HRV,2008,-1.728
HRV,2009,-1.281
HRV,2010,-1.046
HRV,2011,-1.764
HRV,2012,-0.910
HRV,2013,-0.941
HRV,2014,-0.833
HRV,2015,-0.845
HRV,2016,-0.903
HRV,2017,-0.916
HUN,1990,-3.926
HUN,1991,-5.037
HUN,1992,-3.658
HUN,1993,-3.910
HUN,1994,-4.035
HUN,1995,-3.973
HUN,1996,-2.958
HUN,1997,-3.034
HUN,1998,-3.329
HUN,1999,-2.943
HUN,2000,-3.286
HUN,2001,-3.680
HUN,2002,-4.887
HUN,2003,-5.606
HUN,2004,-4.965
HUN,2005,-4.748
HUN,2006,-6.398
HUN,2007,-6.139
HUN,2008,-6.218
HUN,2009,-4.546
HUN,2010,-4.751
HUN,2011,-4.939
HUN,2012,-4.493
HUN,2013,-5.094
HUN,2014,-4.840
HUN,2015,-4.546
HUN,2016,-4.455
HUN,2017,-4.537
IDN,1990,-0.198
IDN,1991,0.553
IDN,1992,2.120
IDN,1993,2.218
IDN,1994,1.474
IDN,1995,0.778
IDN,1996,1.458
IDN,1997,2.163
IDN,1998,7.149
IDN,1999,0.340
IDN,2000,0.867
IDN,2001,2.427
IDN,2002,0.961
IDN,2003,1.361
IDN,2004,2.359
IDN,2005,2.143
IDN,2006,2.365
IDN,2007,3.113
IDN,2008,1.656
IDN,2009,0.555
IDN,2010,-1.552
IDN,2011,-0.215
IDN,2012,-3.993
IDN,2013,-9.385
IDN,2014,-12.518
IDN,2015,-7.016
IDN,2016,-5.416
IDN,2017,-4.623
IND,1990,0.298
IND,1991,1.087
IND,1992,3.265
IND,1993,4.554
IND,1994,5.544
IND,1995,9.394
IND,1996,14.710
IND,1997,11.901
IND,1998,12.710
IND,1999,10.412
IND,2000,21.490
IND,2001,19.019
IND,2002,22.751
IND,2003,18.723
IND,2004,18.160
IND,2005,25.826
IND,2006,24.114
IND,2007,24.087
IND,2008,32.303
IND,2009,23.913
IND,2010,24.266
IND,2011,34.821
IND,2012,40.037
IND,2013,52.959
IND,2014,58.376
IND,2015,52.300
IND,2016,53.175
IND,2017,53.842
IRL,1990,-2.143
IRL,1991,-2.222
IRL,1992,-1.935
IRL,1993,-1.911
IRL,1994,-1.806
IRL,1995,-1.870
IRL,1996,-3.147
IRL,1997,-2.793
IRL,1998,-2.382
IRL,1999,-3.032
IRL,2000,-2.584
IRL,2001,-2.011
IRL,2002,-2.625
IRL,2003,-4.261
IRL,2004,-5.037
IRL,2005,-5.366
IRL,2006,-5.298
IRL,2007,-5.133
IRL,2008,-3.633
IRL,2009,-2.381
IRL,2010,-1.693
IRL,2011,-2.097
IRL,2012,-1.868
IRL,2013,-2.025
IRL,2014,-1.889
IRL,2015,-1.121
IRL,2016,-1.060
IRL,2017,-0.986
IRN,1990,8.116
IRN,1991,8.932
IRN,1992,9.077
IRN,1993,10.493
IRN,1994,12.719
IRN,1995,11.799
IRN,1996,8.960
IRN,1997,5.394
IRN,1998,7.358
IRN,1999,25.317
IRN,2000,23.702
IRN,2001,21.776
IRN,2002,18.551
IRN,2003,5.261
IRN,2004,6.443
IRN,2005,6.586
IRN,2006,8.817
IRN,2007,2.729
IRN,2008,6.257
IRN,2009,9.975
IRN,2010,6.385
IRN,2011,6.861
IRN,2012,8.605
IRN,2013,8.396
IRN,2014,9.729
IRN,2015,13.248
IRN,2016,20.250
IRN,2017,20.810
ISR,1990,-3.273
ISR,1991,-3.574
ISR,1992,-3.178
ISR,1993,-3.240
ISR,1994,-3.355
ISR,1995,-3.670
ISR,1996,-3.822
ISR,1997,-3.774
ISR,1998,-4.135
ISR,1999,-2.503
ISR,2000,-1.761
ISR,2001,-1.906
ISR,2002,-2.298
ISR,2003,-4.051
ISR,2004,-4.245
ISR,2005,-4.505
ISR,2006,-4.238
ISR,2007,-4.239
ISR,2008,-3.791
ISR,2009,-3.578
ISR,2010,-3.872
ISR,2011,-3.921
ISR,2012,-4.165
ISR,2013,-4.478
ISR,2014,-4.888
ISR,2015,-4.680
ISR,2016,-4.706
ISR,2017,-4.842
ITA,1990,-31.265
ITA,1991,-35.707
ITA,1992,-29.638
ITA,1993,-28.882
ITA,1994,-30.241
ITA,1995,-31.414
ITA,1996,-24.851
ITA,1997,-26.393
ITA,1998,-26.673
ITA,1999,-27.420
ITA,2000,-29.268
ITA,2001,-27.092
ITA,2002,-29.474
ITA,2003,-25.704
ITA,2004,-30.416
ITA,2005,-29.155
ITA,2006,-35.764
ITA,2007,-36.132
ITA,2008,-37.801
ITA,2009,-35.771
ITA,2010,-39.095
ITA,2011,-40.767
ITA,2012,-32.062
ITA,2013,-31.086
ITA,2014,-31.633
ITA,2015,-30.499
ITA,2016,-30.583
ITA,2017,-32.442
JAM,1990,0.177
JAM,1991,0.212
JAM,1992,0.294
JAM,1993,0.156
JAM,1994,0.253
JAM,1995,0.228
JAM,1996,0.633
JAM,1997,0.558
JAM,1998,-0.015
JAM,1999,0.088
JAM,2000,0.647
JAM,2001,0.100
JAM,2002,0.437
JAM,2003,0.185
JAM,2004,0.221
JAM,2005,-0.015
JAM,2006,-0.031
JAM,2007,-0.166
JAM,2008,-0.104
JAM,2009,-0.035
JAM,2010,-0.087
JAM,2011,-0.199
JAM,2012,-0.340
JAM,2013,-0.177
JAM,2014,-0.223
JAM,2015,-0.128
JAM,2016,-0.051
JAM,2017,-0.047
JOR,1990,-1.788
JOR,1991,-1.543
JOR,1992,-1.137
JOR,1993,-1.209
JOR,1994,-1.269
JOR,1995,-1.416
JOR,1996,-0.433
JOR,1997,-1.091
JOR,1998,-1.216
JOR,1999,-0.839
JOR,2000,-0.478
JOR,2001,-1.231
JOR,2002,-1.408
JOR,2003,-1.325
JOR,2004,-1.498
JOR,2005,-1.637
JOR,2006,-1.361
JOR,2007,-1.212
JOR,2008,-2.201
JOR,2009,-2.664
JOR,2010,-1.867
JOR,2011,-1.851
JOR,2012,-1.137
JOR,2013,-2.679
JOR,2014,-2.465
JOR,2015,-2.474
JOR,2016,-2.545
JOR,2017,-2.824
JPN,1990,-41.037
JPN,1991,-49.464
JPN,1992,-48.896
JPN,1993,-55.568
JPN,1994,-60.818
JPN,1995,-67.803
JPN,1996,-66.767
JPN,1997,-64.402
JPN,1998,-51.155
JPN,1999,-58.852
JPN,2000,-67.054
JPN,2001,-62.298
JPN,2002,-57.250
JPN,2003,-58.205
JPN,2004,-57.419
JPN,2005,-57.137
JPN,2006,-57.789
JPN,2007,-54.379
JPN,2008,-62.269
JPN,2009,-52.702
JPN,2010,-54.157
JPN,2011,-62.068
JPN,2012,-62.877
JPN,2013,-56.659
JPN,2014,-56.902
JPN,2015,-55.215
JPN,2016,-54.466
JPN,2017,-55.948
KAZ,1990,25.021
KAZ,1991,24.784
KAZ,1992,20.156
KAZ,1993,22.741
KAZ,1994,17.766
KAZ,1995,21.642
KAZ,1996,21.872
KAZ,1997,21.283
KAZ,1998,19.315
KAZ,1999,9.216
KAZ,2000,13.096
KAZ,2001,10.217
KAZ,2002,13.375
KAZ,2003,16.283
KAZ,2004,16.399
KAZ,2005,14.534
KAZ,2006,11.785
KAZ,2007,11.154
KAZ,2008,11.141
KAZ,2009,15.932
KAZ,2010,23.825
KAZ,2011,19.649
KAZ,2012,15.167
KAZ,2013,13.090
KAZ,2014,13.432
KAZ,2015,12.653
KAZ,2016,11.838
KAZ,2017,12.646
KEN,1990,-0.559
KEN,1991,-0.674
KEN,1992,-0.659
KEN,1993,-0.659
KEN,1994,-0.784
KEN,1995,-0.813
KEN,1996,-0.072
KEN,1997,-0.389
KEN,1998,-0.963
KEN,1999,-0.488
KEN,2000,0.023
KEN,2001,-0.370
KEN,2002,0.112
KEN,2003,-0.790
KEN,2004,-0.890
KEN,2005,-1.039
KEN,2006,-1.213
KEN,2007,-1.261
KEN,2008,-1.339
KEN,2009,-1.768
KEN,2010,-1.595
KEN,2011,-1.752
KEN,2012,-1.967
KEN,2013,-2.650
KEN,2014,-2.657
KEN,2015,-2.360
KEN,2016,-2.342
KEN,2017,-2.511
KGZ,1990,0.872
KGZ,1991,0.247
KGZ,1992,-0.953
KGZ,1993,-0.793
KGZ,1994,-0.904
KGZ,1995,-1.468
KGZ,1996,-0.730
KGZ,1997,0.125
KGZ,1998,-1.184
KGZ,1999,-0.229
KGZ,2000,-0.020
KGZ,2001,-0.016
KGZ,2002,0.090
KGZ,2003,-0.098
KGZ,2004,-0.151
KGZ,2005,-0.531
KGZ,2006,-1.168
KGZ,2007,-0.185
KGZ,2008,-0.051
KGZ,2009,-1.649
KGZ,2010,-1.482
KGZ,2011,-1.427
KGZ,2012,-1.586
KGZ,2013,-1.721
KGZ,2014,-1.776
KGZ,2015,-1.749
KGZ,2016,-1.752
KGZ,2017,-1.880
KHM,1990,-0.145
KHM,1991,-0.150
KHM,1992,-0.165
KHM,1993,-0.179
KHM,1994,-0.193
KHM,1995,-0.173
KHM,1996,-0.208
KHM,1997,-0.218
KHM,1998,-0.243
KHM,1999,-0.204
KHM,2000,-0.206
KHM,2001,-0.292
KHM,2002,-0.126
KHM,2003,-0.593
KHM,2004,-0.620
KHM,2005,-0.827
KHM,2006,-0.946
KHM,2007,-0.998
KHM,2008,-1.085
KHM,2009,-0.949
KHM,2010,-1.320
KHM,2011,-1.486
KHM,2012,-1.429
KHM,2013,-1.996
KHM,2014,-1.954
KHM,2015,-1.774
KHM,2016,-1.624
KHM,2017,-1.686
KOR,1990,-19.322
KOR,1991,-22.615
KOR,1992,-20.640
KOR,1993,-21.036
KOR,1994,-22.009
KOR,1995,-22.251
KOR,1996,-24.627
KOR,1997,-22.241
KOR,1998,-5.134
KOR,1999,-13.440
KOR,2000,-15.151
KOR,2001,-10.252
KOR,2002,-14.479
KOR,2003,-12.594
KOR,2004,-11.364
KOR,2005,-17.190
KOR,2006,-21.187
KOR,2007,-19.704
KOR,2008,-24.885
KOR,2009,-12.429
KOR,2010,-14.233
KOR,2011,-12.971
KOR,2012,-10.242
KOR,2013,-8.694
KOR,2014,-11.156
KOR,2015,-9.659
KOR,2016,-6.598
KOR,2017,-7.789
KP Annex B,1990,-72.772
KP Annex B,1991,-59.414
KP Annex B,1992,-81.941
KP Annex B,1993,-96.016
KP Annex B,1994,-104.044
KP Annex B,1995,-114.295
KP Annex B,1996,-118.611
KP Annex B,1997,-125.871
KP Annex B,1998,-148.999
KP Annex B,1999,-188.850
KP Annex B,2000,-221.239
KP Annex B,2001,-207.381
KP Annex B,2002,-241.045
KP Annex B,2003,-228.413
KP Annex B,2004,-276.694
KP Annex B,2005,-292.243
KP Annex B,2006,-347.705
KP Annex B,2007,-354.314
KP Annex B,2008,-347.273
KP Annex B,2009,-309.753
KP Annex B,2010,-322.966
KP Annex B,2011,-377.551
KP Annex B,2012,-344.349
KP Annex B,2013,-316.274
KP Annex B,2014,-327.289
KP Annex B,2015,-304.389
KP Annex B,2016,-296.243
KP Annex B,2017,-314.931
KWT,1990,0.460
KWT,1991,-2.043
KWT,1992,-0.396
KWT,1993,1.261
KWT,1994,1.788
KWT,1995,1.855
KWT,1996,2.581
KWT,1997,2.861
KWT,1998,0.223
KWT,1999,3.911
KWT,2000,7.795
KWT,2001,7.331
KWT,2002,6.875
KWT,2003,3.497
KWT,2004,3.625
KWT,2005,3.918
KWT,2006,3.077
KWT,2007,1.800
KWT,2008,2.099
KWT,2009,4.474
KWT,2010,3.839
KWT,2011,3.718
KWT,2012,5.817
KWT,2013,2.953
KWT,2014,2.334
KWT,2015,2.693
KWT,2016,3.033
KWT,2017,3.162
LAO,1990,-0.069
LAO,1991,-0.077
LAO,1992,-0.077
LAO,1993,-0.084
LAO,1994,-0.095
LAO,1995,-0.117
LAO,1996,-0.104
LAO,1997,-0.080
LAO,1998,-0.085
LAO,1999,-0.064
LAO,2000,-0.199
LAO,2001,-0.118
LAO,2002,-0.149
LAO,2003,-0.107
LAO,2004,-0.114
LAO,2005,-0.101
LAO,2006,-0.174
LAO,2007,-0.200
LAO,2008,-0.230
LAO,2009,-0.306
LAO,2010,-0.336
LAO,2011,-0.497
LAO,2012,-0.641
LAO,2013,-0.926
LAO,2014,-0.909
LAO,2015,-0.484
LAO,2016,0.379
LAO,2017,0.483
LKA,1990,-0.597
LKA,1991,-0.652
LKA,1992,-0.653
LKA,1993,-0.744
LKA,1994,-0.798
LKA,1995,-0.886
LKA,1996,-0.909
LKA,1997,-0.734
LKA,1998,-0.950
LKA,1999,-1.450
LKA,2000,-1.280
LKA,2001,-1.495
LKA,2002,-1.774
LKA,2003,-1.605
LKA,2004,-1.578
LKA,2005,-1.857
LKA,2006,-1.738
LKA,2007,-1.612
LKA,2008,-2.118
LKA,2009,-1.895
LKA,2010,-2.132
LKA,2011,-2.933
LKA,2012,-3.138
LKA,2013,-3.228
LKA,2014,-3.232
LKA,2015,-2.998
LKA,2016,-2.893
LKA,2017,-2.948
LTU,1990,-1.842
LTU,1991,-3.666
LTU,1992,-3.673
LTU,1993,-2.258
LTU,1994,-2.843
LTU,1995,-3.203
LTU,1996,-2.158
LTU,1997,-1.941
LTU,1998,-1.397
LTU,1999,-1.344
LTU,2000,-1.330
LTU,2001,-1.236
LTU,2002,-2.234
LTU,2003,-2.046
LTU,2004,-1.949
LTU,2005,-1.823
LTU,2006,-2.455
LTU,2007,-2.456
LTU,2008,-2.355
LTU,2009,-2.118
LTU,2010,-1.927
LTU,2011,-2.588
LTU,2012,-2.192
LTU,2013,-2.411
LTU,2014,-2.412
LTU,2015,-2.498
LTU,2016,-2.583
LTU,2017,-2.611
LUX,1990,0.000
LUX,1991,0.000
LUX,1992,0.000
LUX,1993,0.000
LUX,1994,0.000
LUX,1995,0.000
LUX,1996,0.000
LUX,1997,0.000
LUX,1998,0.000
LUX,1999,0.056
LUX,2000,0.425
LUX,2001,0.412
LUX,2002,0.438
LUX,2003,0.055
LUX,2004,-0.166
LUX,2005,-0.424
LUX,2006,-1.235
LUX,2007,0.127
LUX,2008,-3.512
LUX,2009,-3.954
LUX,2010,-3.572
LUX,2011,0.209
LUX,2012,-3.488
LUX,2013,-3.562
LUX,2014,-3.496
LUX,2015,-3.838
LUX,2016,-3.814
LUX,2017,-3.904
LVA,1990,-0.837
LVA,1991,-1.214
LVA,1992,-0.539
LVA,1993,-0.654
LVA,1994,-0.792
LVA,1995,-0.838
LVA,1996,-1.285
LVA,1997,-1.458
LVA,1998,-1.407
LVA,1999,-0.958
LVA,2000,-1.067
LVA,2001,-1.052
LVA,2002,-0.944
LVA,2003,-1.752
LVA,2004,-1.722
LVA,2005,-1.284
LVA,2006,-1.668
LVA,2007,-1.979
LVA,2008,-1.901
LVA,2009,-1.529
LVA,2010,-1.214
LVA,2011,-1.310
LVA,2012,-1.504
LVA,2013,-1.453
LVA,2014,-1.415
LVA,2015,-1.395
LVA,2016,-1.444
LVA,2017,-1.542
MAR,1990,-2.486
MAR,1991,-2.738
MAR,1992,-2.131
MAR,1993,-2.102
MAR,1994,-2.225
MAR,1995,-2.347
MAR,1996,-1.227
MAR,1997,-0.754
MAR,1998,-1.499
MAR,1999,-1.871
MAR,2000,-1.917
MAR,2001,-1.676
MAR,2002,-2.611
MAR,2003,-1.237
MAR,2004,-1.180
MAR,2005,-1.257
MAR,2006,-1.427
MAR,2007,-1.361
MAR,2008,-2.225
MAR,2009,-1.532
MAR,2010,-1.394
MAR,2011,-1.745
MAR,2012,-1.491
MAR,2013,-1.367
MAR,2014,-1.188
MAR,2015,-0.983
MAR,2016,-0.856
MAR,2017,-0.762
MDG,1990,-0.125
MDG,1991,-0.130
MDG,1992,-0.133
MDG,1993,-0.147
MDG,1994,-0.152
MDG,1995,-0.164
MDG,1996,-0.075
MDG,1997,-0.079
MDG,1998,-0.191
MDG,1999,-0.251
MDG,2000,-0.134
MDG,2001,-0.175
MDG,2002,-0.122
MDG,2003,-0.358
MDG,2004,-0.223
MDG,2005,-0.423
MDG,2006,-0.293
MDG,2007,-0.341
MDG,2008,-0.517
MDG,2009,-0.521
MDG,2010,-0.407
MDG,2011,-0.377
MDG,2012,-0.414
MDG,2013,-0.440
MDG,2014,-0.465
MDG,2015,-0.406
MDG,2016,-0.375
MDG,2017,-0.410
MEX,1990,-1.288
MEX,1991,-1.523
MEX,1992,-1.891
MEX,1993,-1.119
MEX,1994,-0.424
MEX,1995,2.261
MEX,1996,1.090
MEX,1997,-1.899
MEX,1998,-3.690
MEX,1999,-3.553
MEX,2000,-6.898
MEX,2001,-5.123
MEX,2002,-6.115
MEX,2003,-7.283
MEX,2004,-5.340
MEX,2005,-8.250
MEX,2006,-8.869
MEX,2007,-3.449
MEX,2008,-4.208
MEX,2009,-6.067
MEX,2010,-7.823
MEX,2011,-5.335
MEX,2012,-10.868
MEX,2013,-12.337
MEX,2014,-12.564
MEX,2015,-9.228
MEX,2016,-7.438
MEX,2017,-6.787
MLT,1990,-0.197
MLT,1991,-0.211
MLT,1992,-0.177
MLT,1993,-0.194
MLT,1994,-0.202
MLT,1995,-0.237
MLT,1996,-0.253
MLT,1997,-0.204
MLT,1998,-0.510
MLT,1999,-0.321
MLT,2000,-0.431
MLT,2001,-0.568
MLT,2002,-0.301
MLT,2003,-0.655
MLT,2004,-0.165
MLT,2005,-0.455
MLT,2006,-0.618
MLT,2007,-0.191
MLT,2008,-0.669
MLT,2009,-0.756
MLT,2010,-0.642
MLT,2011,-0.802
MLT,2012,-1.051
MLT,2013,-0.711
MLT,2014,-0.731
MLT,2015,-0.888
MLT,2016,-0.929
MLT,2017,-0.938
MNG,1990,0.229
MNG,1991,0.272
MNG,1992,0.527
MNG,1993,0.543
MNG,1994,0.376
MNG,1995,0.292
MNG,1996,0.059
MNG,1997,0.223
MNG,1998,0.233
MNG,1999,0.222
MNG,2000,0.167
MNG,2001,0.238
MNG,2002,0.249
MNG,2003,-0.043
MNG,2004,0.043
MNG,2005,-0.019
MNG,2006,-0.148
MNG,2007,-0.046
MNG,2008,-0.230
MNG,2009,-0.097
MNG,2010,-0.207
MNG,2011,-0.522
MNG,2012,-0.010
MNG,2013,0.555
MNG,2014,0.475
MNG,2015,0.122
MNG,2016,0.437
MNG,2017,0.515
MOZ,1990,-0.649
MOZ,1991,-0.661
MOZ,1992,-0.649
MOZ,1993,-0.735
MOZ,1994,-0.760
MOZ,1995,-0.845
MOZ,1996,-0.436
MOZ,1997,-0.238
MOZ,1998,-0.631
MOZ,1999,-0.943
MOZ,2000,-0.969
MOZ,2001,-0.790
MOZ,2002,-0.807
MOZ,2003,-0.750
MOZ,2004,-0.711
MOZ,2005,-0.907
MOZ,2006,-1.201
MOZ,2007,-1.376
MOZ,2008,-1.577
MOZ,2009,-1.939
MOZ,2010,-1.707
MOZ,2011,-1.914
MOZ,2012,-2.109
MOZ,2013,-2.511
MOZ,2014,-2.451
MOZ,2015,-2.453
MOZ,2016,-2.413
MOZ,2017,-2.284
MUS,1990,-0.355
MUS,1991,-0.375
MUS,1992,-0.361
MUS,1993,-0.408
MUS,1994,-0.449
MUS,1995,-0.494
MUS,1996,-0.584
MUS,1997,-0.585
MUS,1998,-0.486
MUS,1999,-0.487
MUS,2000,-0.509
MUS,2001,-0.401
MUS,2002,-0.442
MUS,2003,-0.477
MUS,2004,-0.519
MUS,2005,-0.371
MUS,2006,-0.395
MUS,2007,-0.328
MUS,2008,-0.383
MUS,2009,-0.377
MUS,2010,-0.289
MUS,2011,-0.407
MUS,2012,-0.344
MUS,2013,-0.338
MUS,2014,-0.316
MUS,2015,-0.315
MUS,2016,-0.331
MUS,2017,-0.344
MWI,1990,-0.226
MWI,1991,-0.232
MWI,1992,-0.233
MWI,1993,-0.264
MWI,1994,-0.277
MWI,1995,-0.306
MWI,1996,-0.362
MWI,1997,-0.377
MWI,1998,-0.372
MWI,1999,-0.375
MWI,2000,-0.331
MWI,2001,-0.305
MWI,2002,-0.386
MWI,2003,-0.342
MWI,2004,-0.302
MWI,2005,-0.334
MWI,2006,-0.304
MWI,2007,-0.287
MWI,2008,-0.367
MWI,2009,-0.467
MWI,2010,-0.484
MWI,2011,-0.403
MWI,2012,-0.305
MWI,2013,-0.552
MWI,2014,-0.588
MWI,2015,-0.557
MWI,2016,-0.561
MWI,2017,-0.564
MYS,1990,-1.928
MYS,1991,-1.305
MYS,1992,-0.456
MYS,1993,0.879
MYS,1994,0.948
MYS,1995,4.224
MYS,1996,4.099
MYS,1997,1.700
MYS,1998,7.004
MYS,1999,2.695
MYS,2000,3.586
MYS,2001,4.497
MYS,2002,1.889
MYS,2003,5.468
MYS,2004,6.663
MYS,2005,7.467
MYS,2006,6.259
MYS,2007,6.329
MYS,2008,6.279
MYS,2009,6.308
MYS,2010,6.268
MYS,2011,4.661
MYS,2012,0.302
MYS,2013,-1.332
MYS,2014,-1.151
MYS,2015,-2.458
MYS,2016,-0.677
MYS,2017,-1.164
Middle East,1990,0.206
Middle East,1991,0.268
Middle East,1992,9.188
Middle East,1993,15.251
Middle East,1994,18.571
Middle East,1995,11.063
Middle East,1996,19.097
Middle East,1997,14.276
Middle East,1998,7.164
Middle East,1999,70.717
Middle East,2000,84.302
Middle East,2001,78.881
Middle East,2002,72.981
Middle East,2003,24.340
Middle East,2004,20.704
Middle East,2005,12.866
Middle East,2006,10.227
Middle East,2007,-14.819
Middle East,2008,-16.792
Middle East,2009,2.437
Middle East,2010,-8.225
Middle East,2011,-7.413
Middle East,2012,10.660
Middle East,2013,-10.547
Middle East,2014,-7.498
Middle East,2015,-4.861
Middle East,2016,5.415
Middle East,2017,5.170
NAM,1990,0.000
NAM,1991,0.000
NAM,1992,0.000
NAM,1993,0.000
NAM,1994,0.000
NAM,1995,0.000
NAM,1996,0.000
NAM,1997,0.000
NAM,1998,0.000
NAM,1999,0.000
NAM,2000,-1.171
NAM,2001,-1.213
NAM,2002,0.079
NAM,2003,-0.799
NAM,2004,-1.171
NAM,2005,-1.015
NAM,2006,-0.968
NAM,2007,-1.189
NAM,2008,-1.176
NAM,2009,-0.389
NAM,2010,-0.318
NAM,2011,-0.342
NAM,2012,-0.529
NAM,2013,-1.448
NAM,2014,-1.516
NAM,2015,-1.467
NAM,2016,-1.483
NAM,2017,-1.454
NGA,1990,1.652
NGA,1991,1.499
NGA,1992,1.081
NGA,1993,0.990
NGA,1994,0.236
NGA,1995,-0.052
NGA,1996,-0.166
NGA,1997,-1.406
NGA,1998,-1.044
NGA,1999,1.730
NGA,2000,5.737
NGA,2001,2.322
NGA,2002,3.932
NGA,2003,3.206
NGA,2004,3.289
NGA,2005,3.902
NGA,2006,9.760
NGA,2007,2.377
NGA,2008,3.472
NGA,2009,-2.107
NGA,2010,5.761
NGA,2011,9.018
NGA,2012,7.895
NGA,2013,3.018
NGA,2014,5.521
NGA,2015,3.925
NGA,2016,6.210
NGA,2017,7.747
NIC,1990,-0.112
NIC,1991,-0.143
NIC,1992,-0.138
NIC,1993,-0.143
NIC,1994,-0.148
NIC,1995,-0.144
NIC,1996,-0.128
NIC,1997,-0.173
NIC,1998,-0.202
NIC,1999,-0.216
NIC,2000,-0.208
NIC,2001,-0.231
NIC,2002,-0.266
NIC,2003,-0.323
NIC,2004,-0.279
NIC,2005,-0.335
NIC,2006,-0.335
NIC,2007,-0.373
NIC,2008,-0.307
NIC,2009,-0.347
NIC,2010,-0.379
NIC,2011,-0.380
NIC,2012,-0.509
NIC,2013,-0.394
NIC,2014,-0.388
NIC,2015,-0.369
NIC,2016,-0.353
NIC,2017,-0.346
NLD,1990,-12.719
NLD,1991,-13.605
NLD,1992,-11.992
NLD,1993,-12.477
NLD,1994,-12.684
NLD,1995,-13.946
NLD,1996,-10.757
NLD,1997,-10.977
NLD,1998,-12.642
NLD,1999,-7.285
NLD,2000,-7.248
NLD,2001,-4.954
NLD,2002,-6.682
NLD,2003,-3.680
NLD,2004,-3.396
NLD,2005,-4.531
NLD,2006,-11.012
NLD,2007,-1.421
NLD,2008,-1.640
NLD,2009,-2.066
NLD,2010,-0.423
NLD,2011,-0.410
NLD,2012,-0.051
NLD,2013,0.936
NLD,2014,0.257
NLD,2015,2.372
NLD,2016,2.973
NLD,2017,2.458
NOR,1990,-0.506
NOR,1991,-1.334
NOR,1992,-0.718
NOR,1993,-0.754
NOR,1994,-0.728
NOR,1995,-0.999
NOR,1996,-0.915
NOR,1997,-1.025
NOR,1998,-1.381
NOR,1999,2.654
NOR,2000,2.980
NOR,2001,3.594
NOR,2002,2.444
NOR,2003,1.286
NOR,2004,1.160
NOR,2005,-0.038
NOR,2006,-1.228
NOR,2007,-2.044
NOR,2008,-2.025
NOR,2009,-1.349
NOR,2010,-1.320
NOR,2011,-1.858
NOR,2012,-1.745
NOR,2013,-1.394
NOR,2014,-1.302
NOR,2015,-1.030
NOR,2016,-1.163
NOR,2017,-1.557
NPL,1990,-0.110
NPL,1991,-0.121
NPL,1992,-0.118
NPL,1993,-0.127
NPL,1994,-0.139
NPL,1995,-0.129
NPL,1996,-0.137
NPL,1997,-0.103
NPL,1998,-0.537
NPL,1999,-0.851
NPL,2000,-0.240
NPL,2001,-0.217
NPL,2002,-0.327
NPL,2003,-0.594
NPL,2004,-0.437
NPL,2005,-0.405
NPL,2006,-0.461
NPL,2007,-0.544
NPL,2008,-0.568
NPL,2009,-0.957
NPL,2010,-1.283
NPL,2011,-1.358
NPL,2012,-1.294
NPL,2013,-1.764
NPL,2014,-1.795
NPL,2015,-1.716
NPL,2016,-1.667
NPL,2017,-1.697
NZL,1990,-0.311
NZL,1991,-0.249
NZL,1992,-0.152
NZL,1993,-0.275
NZL,1994,-0.290
NZL,1995,-0.691
NZL,1996,-0.795
NZL,1997,-0.740
NZL,1998,-0.447
NZL,1999,-1.256
NZL,2000,-0.856
NZL,2001,-0.588
NZL,2002,-0.784
NZL,2003,-0.572
NZL,2004,-1.080
NZL,2005,-1.074
NZL,2006,-0.543
NZL,2007,-0.995
NZL,2008,-1.114
NZL,2009,-0.426
NZL,2010,-0.537
NZL,2011,-1.080
NZL,2012,-0.894
NZL,2013,-1.104
NZL,2014,-1.146
NZL,2015,-1.007
NZL,2016,-1.201
NZL,2017,-1.152
Non KP Annex B,1990,72.772
Non KP Annex B,1991,59.414
Non KP Annex B,1992,81.941
Non KP Annex B,1993,96.016
Non KP Annex B,1994,104.044
Non KP Annex B,1995,114.295
Non KP Annex B,1996,118.611
Non KP Annex B,1997,125.871
Non KP Annex B,1998,148.999
Non KP Annex B,1999,188.850
Non KP Annex B,2000,221.239
Non KP Annex B,2001,207.381
Non KP Annex B,2002,241.045
Non KP Annex B,2003,228.413
Non KP Annex B,2004,276.694
Non KP Annex B,2005,292.243
Non KP Annex B,2006,347.705
Non KP Annex B,2007,354.314
Non KP Annex B,2008,347.273
Non KP Annex B,2009,309.753
Non KP Annex B,2010,322.966
Non KP Annex B,2011,377.551
Non KP Annex B,2012,344.349
Non KP Annex B,2013,316.274
Non KP Annex B,2014,327.289
Non KP Annex B,2015,304.389
Non KP Annex B,2016,296.243
Non KP Annex B,2017,314.931
Non-OECD,1990,232.999
Non-OECD,1991,278.931
Non-OECD,1992,232.856
Non-OECD,1993,250.328
Non-OECD,1994,266.463
Non-OECD,1995,288.307
Non-OECD,1996,258.328
Non-OECD,1997,270.545
Non-OECD,1998,296.721
Non-OECD,1999,315.127
Non-OECD,2000,347.937
Non-OECD,2001,315.947
Non-OECD,2002,360.890
Non-OECD,2003,354.783
Non-OECD,2004,409.433
Non-OECD,2005,423.618
Non-OECD,2006,492.860
Non-OECD,2007,479.745
Non-OECD,2008,470.233
Non-OECD,2009,420.075
Non-OECD,2010,446.247
Non-OECD,2011,486.416
Non-OECD,2012,445.882
Non-OECD,2013,418.572
Non-OECD,2014,429.379
Non-OECD,2015,407.028
Non-OECD,2016,397.165
Non-OECD,2017,417.105
North America,1990,1.396
North America,1991,-3.647
North America,1992,5.584
North America,1993,1.323
North America,1994,-0.449
North America,1995,0.243
North America,1996,5.243
North America,1997,-7.268
North America,1998,-37.572
North America,1999,-62.778
North America,2000,-80.828
North America,2001,-78.878
North America,2002,-101.104
North America,2003,-98.129
North America,2004,-116.137
North America,2005,-124.452
North America,2006,-145.271
North America,2007,-129.994
North America,2008,-114.892
North America,2009,-102.065
North America,2010,-111.063
North America,2011,-122.214
North America,2012,-131.882
North America,2013,-122.885
North America,2014,-122.016
North America,2015,-118.419
North America,2016,-117.753
North America,2017,-126.169
OECD,1990,-232.958
OECD,1991,-278.819
OECD,1992,-232.773
OECD,1993,-250.261
OECD,1994,-266.386
OECD,1995,-288.207
OECD,1996,-258.192
OECD,1997,-270.506
OECD,1998,-296.463
OECD,1999,-315.102
OECD,2000,-347.864
OECD,2001,-315.811
OECD,2002,-360.934
OECD,2003,-354.710
OECD,2004,-409.332
OECD,2005,-423.385
OECD,2006,-492.554
OECD,2007,-479.585
OECD,2008,-470.199
OECD,2009,-420.237
OECD,2010,-446.291
OECD,2011,-486.474
OECD,2012,-445.940
OECD,2013,-418.762
OECD,2014,-429.553
OECD,2015,-407.221
OECD,2016,-397.363
OECD,2017,-417.312
OMN,1990,-0.012
OMN,1991,-0.076
OMN,1992,-0.066
OMN,1993,-0.116
OMN,1994,-0.032
OMN,1995,0.030
OMN,1996,-0.150
OMN,1997,-0.092
OMN,1998,-0.130
OMN,1999,1.447
OMN,2000,1.399
OMN,2001,1.179
OMN,2002,1.725
OMN,2003,2.046
OMN,2004,1.810
OMN,2005,2.098
OMN,2006,1.344
OMN,2007,1.345
OMN,2008,0.368
OMN,2009,-0.308
OMN,2010,1.537
OMN,2011,2.083
OMN,2012,-0.012
OMN,2013,-0.294
OMN,2014,-0.337
OMN,2015,0.207
OMN,2016,-0.313
OMN,2017,0.415
Oceania,1990,11.468
Oceania,1991,12.387
Oceania,1992,13.067
Oceania,1993,13.968
Oceania,1994,13.376
Oceania,1995,14.462
Oceania,1996,15.173
Oceania,1997,15.086
Oceania,1998,15.298
Oceania,1999,17.534
Oceania,2000,20.026
Oceania,2001,21.208
Oceania,2002,18.093
Oceania,2003,18.266
Oceania,2004,16.699
Oceania,2005,15.630
Oceania,2006,12.451
Oceania,2007,11.350
Oceania,2008,8.396
Oceania,2009,7.156
Oceania,2010,4.748
Oceania,2011,0.955
Oceania,2012,-0.741
Oceania,2013,2.035
Oceania,2014,2.830
Oceania,2015,6.390
Oceania,2016,8.968
Oceania,2017,8.623
PAK,1990,-1.359
PAK,1991,-1.131
PAK,1992,-1.041
PAK,1993,-1.238
PAK,1994,-1.310
PAK,1995,-1.597
PAK,1996,-2.055
PAK,1997,-1.608
PAK,1998,-1.052
PAK,1999,-3.204
PAK,2000,-2.910
PAK,2001,-2.361
PAK,2002,-3.028
PAK,2003,-1.538
PAK,2004,-2.221
PAK,2005,-3.728
PAK,2006,-3.115
PAK,2007,-2.101
PAK,2008,-2.402
PAK,2009,-2.609
PAK,2010,-1.729
PAK,2011,-1.938
PAK,2012,-3.126
PAK,2013,-2.820
PAK,2014,-3.016
PAK,2015,-3.075
PAK,2016,-3.063
PAK,2017,-3.290
PAN,1990,0.056
PAN,1991,0.179
PAN,1992,0.253
PAN,1993,0.115
PAN,1994,0.124
PAN,1995,-0.070
PAN,1996,0.055
PAN,1997,0.095
PAN,1998,0.001
PAN,1999,-0.201
PAN,2000,-0.042
PAN,2001,0.171
PAN,2002,-0.126
PAN,2003,1.166
PAN,2004,1.050
PAN,2005,1.589
PAN,2006,1.796
PAN,2007,1.654
PAN,2008,0.565
PAN,2009,-1.933
PAN,2010,-3.605
PAN,2011,-1.311
PAN,2012,-3.960
PAN,2013,-2.629
PAN,2014,-3.059
PAN,2015,-2.949
PAN,2016,-2.971
PAN,2017,-3.165
PER,1990,-0.427
PER,1991,-0.461
PER,1992,-0.420
PER,1993,-0.419
PER,1994,-0.533
PER,1995,-0.693
PER,1996,-0.549
PER,1997,-0.726
PER,1998,-0.842
PER,1999,-1.038
PER,2000,-0.923
PER,2001,-0.823
PER,2002,-1.177
PER,2003,-0.352
PER,2004,0.238
PER,2005,0.509
PER,2006,-0.902
PER,2007,-0.657
PER,2008,-1.880
PER,2009,0.118
PER,2010,-0.959
PER,2011,-1.931
PER,2012,-2.302
PER,2013,-3.261
PER,2014,-3.277
PER,2015,-2.976
PER,2016,-2.392
PER,2017,-2.608
PHL,1990,-4.432
PHL,1991,-5.129
PHL,1992,-4.312
PHL,1993,-4.596
PHL,1994,-4.564
PHL,1995,-4.519
PHL,1996,-4.444
PHL,1997,-4.663
PHL,1998,-3.740
PHL,1999,-4.875
PHL,2000,-5.461
PHL,2001,-5.409
PHL,2002,-4.666
PHL,2003,-6.092
PHL,2004,-4.899
PHL,2005,-5.455
PHL,2006,-5.183
PHL,2007,-5.253
PHL,2008,-5.558
PHL,2009,-5.032
PHL,2010,-5.591
PHL,2011,-6.015
PHL,2012,-6.592
PHL,2013,-7.677
PHL,2014,-7.297
PHL,2015,-6.329
PHL,2016,-5.733
PHL,2017,-4.852
POL,1990,4.194
POL,1991,2.773
POL,1992,6.949
POL,1993,7.248
POL,1994,8.360
POL,1995,10.317
POL,1996,13.596
POL,1997,12.994
POL,1998,12.364
POL,1999,7.631
POL,2000,9.058
POL,2001,9.086
POL,2002,8.300
POL,2003,10.859
POL,2004,9.640
POL,2005,10.476
POL,2006,9.437
POL,2007,6.555
POL,2008,5.041
POL,2009,3.098
POL,2010,3.825
POL,2011,2.873
POL,2012,2.664
POL,2013,4.090
POL,2014,3.692
POL,2015,4.574
POL,2016,6.646
POL,2017,8.083
PRT,1990,-2.159
PRT,1991,-2.424
PRT,1992,-2.151
PRT,1993,-2.443
PRT,1994,-2.667
PRT,1995,-2.741
PRT,1996,-2.695
PRT,1997,-3.179
PRT,1998,-3.353
PRT,1999,-2.464
PRT,2000,-3.835
PRT,2001,-3.485
PRT,2002,-3.333
PRT,2003,-3.811
PRT,2004,-4.136
PRT,2005,-4.544
PRT,2006,-4.333
PRT,2007,-3.672
PRT,2008,-3.860
PRT,2009,-2.842
PRT,2010,-3.429
PRT,2011,-2.993
PRT,2012,-2.050
PRT,2013,-1.954
PRT,2014,-1.981
PRT,2015,-1.461
PRT,2016,-1.845
PRT,2017,-1.631
PRY,1990,-0.374
PRY,1991,-0.385
PRY,1992,-0.392
PRY,1993,-0.360
PRY,1994,-0.370
PRY,1995,-0.371
PRY,1996,-0.365
PRY,1997,-0.430
PRY,1998,-0.363
PRY,1999,-0.352
PRY,2000,-0.381
PRY,2001,-0.362
PRY,2002,-0.150
PRY,2003,-0.197
PRY,2004,-0.261
PRY,2005,-0.327
PRY,2006,-0.415
PRY,2007,-0.467
PRY,2008,-0.772
PRY,2009,-0.657
PRY,2010,-0.889
PRY,2011,-0.802
PRY,2012,-0.929
PRY,2013,-0.993
PRY,2014,-0.997
PRY,2015,-0.934
PRY,2016,-0.834
PRY,2017,-0.858
QAT,1990,0.396
QAT,1991,0.781
QAT,1992,1.672
QAT,1993,1.863
QAT,1994,1.826
QAT,1995,1.731
QAT,1996,1.652
QAT,1997,2.498
QAT,1998,2.130
QAT,1999,5.008
QAT,2000,5.236
QAT,2001,5.973
QAT,2002,5.479
QAT,2003,4.437
QAT,2004,5.331
QAT,2005,5.718
QAT,2006,7.882
QAT,2007,6.885
QAT,2008,5.305
QAT,2009,4.726
QAT,2010,4.922
QAT,2011,6.725
QAT,2012,7.163
QAT,2013,6.102
QAT,2014,8.172
QAT,2015,7.867
QAT,2016,6.623
QAT,2017,7.107
ROU,1990,1.283
ROU,1991,-0.443
ROU,1992,0.873
ROU,1993,1.126
ROU,1994,1.700
ROU,1995,2.260
ROU,1996,3.645
ROU,1997,4.393
ROU,1998,3.371
ROU,1999,1.714
ROU,2000,1.775
ROU,2001,1.763
ROU,2002,1.920
ROU,2003,1.934
ROU,2004,1.034
ROU,2005,0.343
ROU,2006,-1.831
ROU,2007,-0.333
ROU,2008,-2.225
ROU,2009,-1.038
ROU,2010,-1.711
ROU,2011,-0.991
ROU,2012,-0.503
ROU,2013,-0.083
ROU,2014,0.178
ROU,2015,0.085
ROU,2016,0.073
ROU,2017,-0.176
RUS,1990,25.957
RUS,1991,100.981
RUS,1992,67.461
RUS,1993,73.538
RUS,1994,79.821
RUS,1995,86.976
RUS,1996,70.696
RUS,1997,72.899
RUS,1998,85.973
RUS,1999,79.042
RUS,2000,70.775
RUS,2001,69.605
RUS,2002,74.457
RUS,2003,72.322
RUS,2004,74.587
RUS,2005,69.604
RUS,2006,80.197
RUS,2007,68.541
RUS,2008,65.766
RUS,2009,74.438
RUS,2010,74.630
RUS,2011,66.902
RUS,2012,57.839
RUS,2013,57.044
RUS,2014,57.782
RUS,2015,67.661
RUS,2016,71.724
RUS,2017,74.886
RWA,1990,0.000
RWA,1991,0.000
RWA,1992,0.000
RWA,1993,0.000
RWA,1994,0.000
RWA,1995,0.000
RWA,1996,0.000
RWA,1997,0.000
RWA,1998,0.000
RWA,1999,0.000
RWA,2000,0.000
RWA,2001,0.000
RWA,2002,0.000
RWA,2003,0.000
RWA,2004,0.000
RWA,2005,0.000
RWA,2006,0.000
RWA,2007,0.000
RWA,2008,0.000
RWA,2009,0.000
RWA,2010,0.000
RWA,2011,0.000
RWA,2012,0.000
RWA,2013,0.000
RWA,2014,0.000
RWA,2015,0.000
RWA,2016,0.000
RWA,2017,0.000
SAU,1990,10.414
SAU,1991,15.995
SAU,1992,17.683
SAU,1993,17.748
SAU,1994,17.316
SAU,1995,12.191
SAU,1996,13.650
SAU,1997,11.025
SAU,1998,6.751
SAU,1999,24.800
SAU,2000,36.596
SAU,2001,35.205
SAU,2002,34.677
SAU,2003,12.562
SAU,2004,16.934
SAU,2005,14.099
SAU,2006,10.996
SAU,2007,6.980
SAU,2008,5.678
SAU,2009,8.373
SAU,2010,8.307
SAU,2011,5.640
SAU,2012,8.712
SAU,2013,-0.336
SAU,2014,0.723
SAU,2015,1.674
SAU,2016,5.265
SAU,2017,3.616
SEN,1990,-0.017
SEN,1991,-0.015
SEN,1992,-0.033
SEN,1993,-0.037
SEN,1994,-0.013
SEN,1995,-0.053
SEN,1996,-0.163
SEN,1997,-0.226
SEN,1998,-0.234
SEN,1999,-0.259
SEN,2000,-0.201
SEN,2001,-0.275
SEN,2002,-0.506
SEN,2003,-0.288
SEN,2004,-0.298
SEN,2005,-0.374
SEN,2006,-0.469
SEN,2007,-0.493
SEN,2008,-0.601
SEN,2009,-0.429
SEN,2010,-0.225
SEN,2011,-0.261
SEN,2012,-0.485
SEN,2013,-0.429
SEN,2014,-0.372
SEN,2015,-0.195
SEN,2016,-0.178
SEN,2017,-0.139
SGP,1990,-6.191
SGP,1991,-7.494
SGP,1992,-7.783
SGP,1993,-8.550
SGP,1994,-7.661
SGP,1995,-12.307
SGP,1996,-13.903
SGP,1997,-14.041
SGP,1998,-11.018
SGP,1999,-14.195
SGP,2000,-18.751
SGP,2001,-14.710
SGP,2002,-15.529
SGP,2003,-19.444
SGP,2004,-20.823
SGP,2005,-26.731
SGP,2006,-32.644
SGP,2007,-20.430
SGP,2008,-19.843
SGP,2009,-13.110
SGP,2010,-15.456
SGP,2011,-17.279
SGP,2012,-19.273
SGP,2013,-17.578
SGP,2014,-17.791
SGP,2015,-16.242
SGP,2016,-20.596
SGP,2017,-20.756
SLV,1990,-0.357
SLV,1991,-0.363
SLV,1992,-0.387
SLV,1993,-0.364
SLV,1994,-0.393
SLV,1995,-0.416
SLV,1996,-0.453
SLV,1997,-0.539
SLV,1998,-0.731
SLV,1999,-0.624
SLV,2000,-0.609
SLV,2001,-0.811
SLV,2002,-0.837
SLV,2003,-0.751
SLV,2004,-0.723
SLV,2005,-0.660
SLV,2006,-0.621
SLV,2007,-0.609
SLV,2008,-0.694
SLV,2009,-0.483
SLV,2010,-0.534
SLV,2011,-0.620
SLV,2012,-0.610
SLV,2013,-0.669
SLV,2014,-0.690
SLV,2015,-0.640
SLV,2016,-0.612
SLV,2017,-0.619
SVK,1990,-3.984
SVK,1991,-3.269
SVK,1992,-0.658
SVK,1993,-0.857
SVK,1994,-0.535
SVK,1995,-1.080
SVK,1996,-1.560
SVK,1997,-1.749
SVK,1998,-1.521
SVK,1999,-0.278
SVK,2000,-0.696
SVK,2001,-0.842
SVK,2002,-1.107
SVK,2003,-0.683
SVK,2004,-0.571
SVK,2005,-0.614
SVK,2006,-1.462
SVK,2007,-2.102
SVK,2008,-2.814
SVK,2009,-2.585
SVK,2010,-2.910
SVK,2011,-3.184
SVK,2012,-2.798
SVK,2013,-3.179
SVK,2014,-3.358
SVK,2015,-3.384
SVK,2016,-3.384
SVK,2017,-3.415
SVN,1990,-0.098
SVN,1991,-0.541
SVN,1992,-0.571
SVN,1993,-0.623
SVN,1994,-0.575
SVN,1995,-0.709
SVN,1996,-0.509
SVN,1997,-0.543
SVN,1998,-0.714
SVN,1999,-0.551
SVN,2000,-0.726
SVN,2001,-0.509
SVN,2002,-0.555
SVN,2003,-0.609
SVN,2004,-0.505
SVN,2005,-0.559
SVN,2006,-1.001
SVN,2007,-1.109
SVN,2008,-0.957
SVN,2009,-0.961
SVN,2010,-1.163
SVN,2011,-1.646
SVN,2012,-0.931
SVN,2013,-1.026
SVN,2014,-1.171
SVN,2015,-1.215
SVN,2016,-1.121
SVN,2017,-1.201
SWE,1990,-5.602
SWE,1991,-6.640
SWE,1992,-6.256
SWE,1993,-6.168
SWE,1994,-6.309
SWE,1995,-6.595
SWE,1996,-6.907
SWE,1997,-6.944
SWE,1998,-7.179
SWE,1999,-6.603
SWE,2000,-7.189
SWE,2001,-6.132
SWE,2002,-6.491
SWE,2003,-7.498
SWE,2004,-8.032
SWE,2005,-8.271
SWE,2006,-8.792
SWE,2007,-9.831
SWE,2008,-9.314
SWE,2009,-7.527
SWE,2010,-8.731
SWE,2011,-8.615
SWE,2012,-8.211
SWE,2013,-7.730
SWE,2014,-7.735
SWE,2015,-7.620
SWE,2016,-7.809
SWE,2017,-8.167
South America,1990,2.184
South America,1991,-0.114
South America,1992,-0.507
South America,1993,1.529
South America,1994,1.982
South America,1995,1.632
South America,1996,1.352
South America,1997,-1.552
South America,1998,1.287
South America,1999,28.751
South America,2000,24.450
South America,2001,27.261
South America,2002,38.181
South America,2003,26.153
South America,2004,21.130
South America,2005,18.332
South America,2006,14.488
South America,2007,6.265
South America,2008,-3.765
South America,2009,0.140
South America,2010,-11.024
South America,2011,-19.222
South America,2012,-22.665
South America,2013,-24.832
South America,2014,-25.890
South America,2015,-22.282
South America,2016,-19.594
South America,2017,-22.201
Statistical Difference,1959,0.000
Statistical Difference,1960,0.000
Statistical Difference,1961,0.000
Statistical Difference,1962,0.000
Statistical Difference,1963,0.000
Statistical Difference,1964,0.000
Statistical Difference,1965,0.000
Statistical Difference,1966,0.000
Statistical Difference,1967,0.000
Statistical Difference,1968,0.000
Statistical Difference,1969,0.000
Statistical Difference,1970,0.000
Statistical Difference,1971,0.000
Statistical Difference,1972,0.000
Statistical Difference,1973,0.000
Statistical Difference,1974,0.000
Statistical Difference,1975,0.000
Statistical Difference,1976,0.000
Statistical Difference,1977,0.000
Statistical Difference,1978,0.000
Statistical Difference,1979,0.000
Statistical Difference,1980,0.000
Statistical Difference,1981,0.000
Statistical Difference,1982,0.000
Statistical Difference,1983,0.000
Statistical Difference,1984,0.000
Statistical Difference,1985,0.000
Statistical Difference,1986,0.000
Statistical Difference,1987,0.000
Statistical Difference,1988,0.000
Statistical Difference,1989,0.000
Statistical Difference,1990,0.000
Statistical Difference,1991,0.000
Statistical Difference,1992,0.000
Statistical Difference,1993,0.000
Statistical Difference,1994,0.000
Statistical Difference,1995,0.000
Statistical Difference,1996,0.000
Statistical Difference,1997,0.000
Statistical Difference,1998,0.000
Statistical Difference,1999,0.000
Statistical Difference,2000,0.000
Statistical Difference,2001,0.000
Statistical Difference,2002,0.000
Statistical Difference,2003,0.000
Statistical Difference,2004,0.000
Statistical Difference,2005,0.000
Statistical Difference,2006,0.000
Statistical Difference,2007,0.000
Statistical Difference,2008,0.000
Statistical Difference,2009,0.000
Statistical Difference,2010,0.000
Statistical Difference,2011,0.000
Statistical Difference,2012,0.000
Statistical Difference,2013,0.000
Statistical Difference,2014,0.000
Statistical Difference,2015,0.000
Statistical Difference,2016,0.000
Statistical Difference,2017,0.000
Statistical Difference,2018,0.000
TGO,1990,-0.075
TGO,1991,-0.077
TGO,1992,-0.090
TGO,1993,-0.104
TGO,1994,-0.118
TGO,1995,-0.122
TGO,1996,-0.102
TGO,1997,-0.127
TGO,1998,-0.157
TGO,1999,0.006
TGO,2000,-0.032
TGO,2001,-0.118
TGO,2002,-0.124
TGO,2003,-0.163
TGO,2004,-0.171
TGO,2005,-0.314
TGO,2006,-0.437
TGO,2007,-0.747
TGO,2008,-0.590
TGO,2009,-0.416
TGO,2010,-0.542
TGO,2011,-0.529
TGO,2012,-1.533
TGO,2013,-1.256
TGO,2014,-1.307
TGO,2015,-1.227
TGO,2016,-1.138
TGO,2017,-1.157
THA,1990,-5.290
THA,1991,-7.143
THA,1992,-5.666
THA,1993,-5.403
THA,1994,-5.378
THA,1995,-4.490
THA,1996,-3.947
THA,1997,-0.845
THA,1998,5.767
THA,1999,2.884
THA,2000,2.160
THA,2001,3.812
THA,2002,6.774
THA,2003,3.893
THA,2004,2.169
THA,2005,0.704
THA,2006,3.487
THA,2007,4.500
THA,2008,1.038
THA,2009,4.153
THA,2010,1.969
THA,2011,-0.622
THA,2012,-1.829
THA,2013,0.118
THA,2014,-1.035
THA,2015,-0.387
THA,2016,0.008
THA,2017,-0.397
TTO,1990,1.064
TTO,1991,1.020
TTO,1992,1.242
TTO,1993,1.151
TTO,1994,1.153
TTO,1995,1.194
TTO,1996,1.318
TTO,1997,1.015
TTO,1998,0.968
TTO,1999,1.566
TTO,2000,2.203
TTO,2001,2.476
TTO,2002,2.314
TTO,2003,4.138
TTO,2004,4.681
TTO,2005,6.774
TTO,2006,9.668
TTO,2007,8.369
TTO,2008,8.357
TTO,2009,6.114
TTO,2010,6.742
TTO,2011,7.242
TTO,2012,6.597
TTO,2013,5.880
TTO,2014,4.076
TTO,2015,2.539
TTO,2016,1.515
TTO,2017,1.699
TUN,1990,-0.171
TUN,1991,-0.391
TUN,1992,-0.282
TUN,1993,-0.215
TUN,1994,-0.196
TUN,1995,-0.418
TUN,1996,-0.814
TUN,1997,-1.365
TUN,1998,-0.465
TUN,1999,-0.109
TUN,2000,-0.419
TUN,2001,0.218
TUN,2002,0.056
TUN,2003,0.526
TUN,2004,0.509
TUN,2005,0.677
TUN,2006,0.484
TUN,2007,0.705
TUN,2008,0.220
TUN,2009,0.322
TUN,2010,0.553
TUN,2011,0.433
TUN,2012,0.777
TUN,2013,0.463
TUN,2014,0.536
TUN,2015,0.522
TUN,2016,0.465
TUN,2017,0.549
TUR,1990,-19.601
TUR,1991,-19.282
TUR,1992,-13.968
TUR,1993,-12.600
TUR,1994,-12.024
TUR,1995,-12.778
TUR,1996,-5.573
TUR,1997,-7.121
TUR,1998,-7.132
TUR,1999,-5.613
TUR,2000,-7.866
TUR,2001,-2.134
TUR,2002,-5.106
TUR,2003,-4.803
TUR,2004,-9.524
TUR,2005,-10.034
TUR,2006,-10.370
TUR,2007,-13.371
TUR,2008,-12.765
TUR,2009,-7.217
TUR,2010,-13.913
TUR,2011,-13.129
TUR,2012,-11.937
TUR,2013,-15.231
TUR,2014,-13.838
TUR,2015,-12.945
TUR,2016,-13.239
TUR,2017,-12.289
TWN,1990,-11.676
TWN,1991,-13.784
TWN,1992,-11.197
TWN,1993,-11.438
TWN,1994,-12.864
TWN,1995,-13.487
TWN,1996,-8.934
TWN,1997,-11.414
TWN,1998,-8.041
TWN,1999,-8.506
TWN,2000,-8.833
TWN,2001,-2.093
TWN,2002,-7.194
TWN,2003,-2.961
TWN,2004,-8.683
TWN,2005,-4.815
TWN,2006,-4.619
TWN,2007,-3.133
TWN,2008,-2.036
TWN,2009,-0.004
TWN,2010,-3.367
TWN,2011,-1.107
TWN,2012,-3.243
TWN,2013,-1.492
TWN,2014,-1.362
TWN,2015,-1.434
TWN,2016,-0.147
TWN,2017,1.268
TZA,1990,-0.358
TZA,1991,-0.377
TZA,1992,-0.379
TZA,1993,-0.411
TZA,1994,-0.454
TZA,1995,-0.455
TZA,1996,-0.369
TZA,1997,-0.470
TZA,1998,-0.523
TZA,1999,-0.587
TZA,2000,-0.634
TZA,2001,-0.599
TZA,2002,-0.609
TZA,2003,-0.699
TZA,2004,-0.725
TZA,2005,-0.739
TZA,2006,-0.926
TZA,2007,-0.867
TZA,2008,-1.178
TZA,2009,-1.297
TZA,2010,-1.276
TZA,2011,-1.608
TZA,2012,-1.813
TZA,2013,-2.298
TZA,2014,-2.316
TZA,2015,-2.042
TZA,2016,-2.162
TZA,2017,-2.285
UGA,1990,-0.205
UGA,1991,-0.208
UGA,1992,-0.221
UGA,1993,-0.269
UGA,1994,-0.265
UGA,1995,-0.292
UGA,1996,-0.189
UGA,1997,-0.233
UGA,1998,-0.400
UGA,1999,-0.411
UGA,2000,-0.258
UGA,2001,-0.379
UGA,2002,-0.274
UGA,2003,-0.376
UGA,2004,-0.382
UGA,2005,-0.389
UGA,2006,-0.493
UGA,2007,-0.441
UGA,2008,-0.513
UGA,2009,-0.672
UGA,2010,-0.637
UGA,2011,-0.637
UGA,2012,-0.737
UGA,2013,-0.718
UGA,2014,-0.785
UGA,2015,-0.745
UGA,2016,-0.749
UGA,2017,-0.734
UKR,1990,86.404
UKR,1991,73.915
UKR,1992,44.398
UKR,1993,41.660
UKR,1994,44.242
UKR,1995,49.539
UKR,1996,33.702
UKR,1997,33.944
UKR,1998,39.847
UKR,1999,22.347
UKR,2000,24.877
UKR,2001,19.666
UKR,2002,18.516
UKR,2003,27.768
UKR,2004,31.195
UKR,2005,24.839
UKR,2006,27.464
UKR,2007,21.869
UKR,2008,18.644
UKR,2009,12.781
UKR,2010,12.952
UKR,2011,10.593
UKR,2012,8.544
UKR,2013,6.670
UKR,2014,2.698
UKR,2015,-0.356
UKR,2016,-0.928
UKR,2017,-2.718
URY,1990,-0.305
URY,1991,-0.286
URY,1992,-0.290
URY,1993,-0.333
URY,1994,-0.379
URY,1995,-0.420
URY,1996,-0.556
URY,1997,-0.740
URY,1998,-0.861
URY,1999,-0.864
URY,2000,-0.829
URY,2001,-0.712
URY,2002,-0.402
URY,2003,-0.515
URY,2004,-0.554
URY,2005,-0.634
URY,2006,-0.581
URY,2007,-0.711
URY,2008,-0.696
URY,2009,-0.596
URY,2010,-1.046
URY,2011,-1.043
URY,2012,-1.337
URY,2013,-1.460
URY,2014,-1.553
URY,2015,-1.488
URY,2016,-1.482
URY,2017,-1.510
USA,1990,5.890
USA,1991,2.849
USA,1992,11.266
USA,1993,5.457
USA,1994,2.030
USA,1995,0.352
USA,1996,5.723
USA,1997,1.405
USA,1998,-27.131
USA,1999,-55.691
USA,2000,-69.978
USA,2001,-72.446
USA,2002,-91.407
USA,2003,-95.643
USA,2004,-113.791
USA,2005,-113.882
USA,2006,-136.747
USA,2007,-125.855
USA,2008,-106.643
USA,2009,-90.585
USA,2010,-92.708
USA,2011,-117.056
USA,2012,-111.936
USA,2013,-100.997
USA,2014,-100.361
USA,2015,-104.139
USA,2016,-105.720
USA,2017,-113.484
VEN,1990,9.764
VEN,1991,8.228
VEN,1992,6.565
VEN,1993,9.090
VEN,1994,10.715
VEN,1995,10.828
VEN,1996,10.800
VEN,1997,10.972
VEN,1998,14.634
VEN,1999,33.813
VEN,2000,29.284
VEN,2001,30.976
VEN,2002,38.015
VEN,2003,22.698
VEN,2004,15.692
VEN,2005,14.924
VEN,2006,17.222
VEN,2007,12.511
VEN,2008,12.302
VEN,2009,6.176
VEN,2010,6.282
VEN,2011,4.263
VEN,2012,3.154
VEN,2013,3.347
VEN,2014,3.554
VEN,2015,3.731
VEN,2016,4.653
VEN,2017,3.651
VNM,1990,-0.343
VNM,1991,-0.319
VNM,1992,-0.340
VNM,1993,-0.598
VNM,1994,-0.474
VNM,1995,-0.530
VNM,1996,-0.769
VNM,1997,-0.108
VNM,1998,0.042
VNM,1999,1.166
VNM,2000,1.378
VNM,2001,1.525
VNM,2002,1.456
VNM,2003,-1.702
VNM,2004,-1.235
VNM,2005,-1.007
VNM,2006,-1.985
VNM,2007,-3.594
VNM,2008,-4.564
VNM,2009,-4.054
VNM,2010,-4.658
VNM,2011,-4.721
VNM,2012,-5.774
VNM,2013,-11.315
VNM,2014,-9.155
VNM,2015,-5.297
VNM,2016,-3.720
VNM,2017,-3.377
World,1959,0.000
World,1960,0.000
World,1961,0.000
World,1962,0.000
World,1963,0.000
World,1964,0.000
World,1965,0.000
World,1966,0.000
World,1967,0.000
World,1968,0.000
World,1969,0.000
World,1970,0.000
World,1971,0.000
World,1972,0.000
World,1973,0.000
World,1974,0.000
World,1975,0.000
World,1976,0.000
World,1977,0.000
World,1978,0.000
World,1979,0.000
World,1980,0.000
World,1981,0.000
World,1982,0.000
World,1983,0.000
World,1984,0.000
World,1985,0.000
World,1986,0.000
World,1987,0.000
World,1988,0.000
World,1989,0.000
World,1990,0.000
World,1991,0.000
World,1992,0.000
World,1993,0.000
World,1994,0.000
World,1995,0.000
World,1996,0.000
World,1997,0.000
World,1998,0.000
World,1999,0.000
World,2000,0.000
World,2001,0.000
World,2002,0.000
World,2003,0.000
World,2004,0.000
World,2005,0.000
World,2006,0.000
World,2007,0.000
World,2008,0.000
World,2009,0.000
World,2010,0.000
World,2011,0.000
World,2012,0.000
World,2013,0.000
World,2014,0.000
World,2015,0.000
World,2016,0.000
World,2017,0.000
World,2018,0.000
ZAF,1990,29.227
ZAF,1991,29.947
ZAF,1992,29.110
ZAF,1993,33.424
ZAF,1994,34.398
ZAF,1995,39.049
ZAF,1996,40.185
ZAF,1997,44.320
ZAF,1998,43.872
ZAF,1999,34.422
ZAF,2000,35.136
ZAF,2001,35.598
ZAF,2002,31.719
ZAF,2003,40.556
ZAF,2004,43.196
ZAF,2005,39.355
ZAF,2006,37.109
ZAF,2007,39.877
ZAF,2008,42.035
ZAF,2009,40.616
ZAF,2010,37.301
ZAF,2011,36.011
ZAF,2012,32.804
ZAF,2013,31.663
ZAF,2014,35.004
ZAF,2015,33.854
ZAF,2016,35.870
ZAF,2017,33.282
ZMB,1990,-0.315
ZMB,1991,-0.348
ZMB,1992,-0.336
ZMB,1993,-0.378
ZMB,1994,-0.399
ZMB,1995,-0.500
ZMB,1996,-0.533
ZMB,1997,-0.716
ZMB,1998,-0.606
ZMB,1999,-0.510
ZMB,2000,-0.730
ZMB,2001,-0.648
ZMB,2002,-0.557
ZMB,2003,-0.518
ZMB,2004,-0.426
ZMB,2005,-0.405
ZMB,2006,-0.600
ZMB,2007,-0.905
ZMB,2008,-1.199
ZMB,2009,-0.980
ZMB,2010,-0.852
ZMB,2011,-1.180
ZMB,2012,-0.880
ZMB,2013,-1.248
ZMB,2014,-1.314
ZMB,2015,-1.263
ZMB,2016,-1.235
ZMB,2017,-1.239
ZWE,1990,-1.244
ZWE,1991,-1.356
ZWE,1992,-1.285
ZWE,1993,-1.361
ZWE,1994,-1.433
ZWE,1995,-1.712
ZWE,1996,-2.347
ZWE,1997,-1.329
ZWE,1998,-0.642
ZWE,1999,0.237
ZWE,2000,1.321
ZWE,2001,0.726
ZWE,2002,0.170
ZWE,2003,0.331
ZWE,2004,-0.269
ZWE,2005,-0.160
ZWE,2006,-0.269
ZWE,2007,-0.792
ZWE,2008,-0.726
ZWE,2009,-0.730
ZWE,2010,-0.379
ZWE,2011,-0.187
ZWE,2012,-0.803
ZWE,2013,-0.138
ZWE,2014,-0.218
ZWE,2015,-0.231
ZWE,2016,-0.273
ZWE,2017,-0.138
